<?xml version = '1.0' encoding = 'UTF-8'?>
<Diagram class="oracle.dbtools.crest.swingui.relational.DPVRelationalSubView" name="FIAP - SubView_3" id="1BE79D8A-4557-BF17-0811-5705BC2EE36E">
<createdBy>T-Gamer</createdBy>
<modifiedBy>T-Gamer</modifiedBy>
<createdTime>2022-05-27 00:00:06 UTC</createdTime>
<autoRoute>false</autoRoute>
<boxInbox>true</boxInbox>
<showLegend>false</showLegend>
<showLabels>false</showLabels>
<showRelAttributes>false</showRelAttributes>
<gridEnabled>false</gridEnabled>
<showGrid>false</showGrid>
<diagramColor>-1</diagramColor>
<display>false</display>
<notation>1</notation>
<objectViews>
<OView class="oracle.dbtools.crest.swingui.relational.TVTable" oid="17EAB4BF-7BC9-072C-42B1-51F312A65B72" otype="Table" vid="6FB1BD9E-50D9-DC7C-BEF1-7AE27787742D">
<hideElementsInCurrentOnly>false</hideElementsInCurrentOnly>
<bounds x="20" y="362" width="227" height="102"/>
</OView>
<OView class="oracle.dbtools.crest.swingui.relational.TVTable" oid="485F590B-22B4-4314-7619-2F1F6644878A" otype="Table" vid="DD47CB99-2975-E6BA-3F01-4C7BC2AD5F7B">
<hideElementsInCurrentOnly>false</hideElementsInCurrentOnly>
<bounds x="20" y="20" width="345" height="282"/>
</OView>
</objectViews>
<connectors>
<Connector class="oracle.dbtools.crest.swingui.relational.TVFKRelation" oid="4D3CBCC4-A792-920B-40BA-DE8480A497CF" otype="FKIndexAssociation" vid_source="6FB1BD9E-50D9-DC7C-BEF1-7AE27787742D" vid_target="DD47CB99-2975-E6BA-3F01-4C7BC2AD5F7B">
<hideElementsInCurrentOnly>false</hideElementsInCurrentOnly>
<backgroundColor>-16777216</backgroundColor>
<lineWidth>1</lineWidth>
<points>
<point x="133" y="362"/>
<point x="133" y="302"/>
</points>
</Connector>
</connectors>
</Diagram>