<?xml version = '1.0' encoding = 'UTF-8'?>
<Diagram class="oracle.dbtools.crest.swingui.relational.DPVRelationalSubView" name="FIAP - SubView_1" id="1D357E76-B236-B2CF-A23B-EDCB8589871D">
<createdBy>T-Gamer</createdBy>
<modifiedBy>T-Gamer</modifiedBy>
<createdTime>2022-05-26 23:56:56 UTC</createdTime>
<autoRoute>false</autoRoute>
<boxInbox>true</boxInbox>
<showLegend>false</showLegend>
<showLabels>false</showLabels>
<showRelAttributes>false</showRelAttributes>
<gridEnabled>false</gridEnabled>
<showGrid>false</showGrid>
<diagramColor>-1</diagramColor>
<display>false</display>
<notation>1</notation>
<objectViews>
<OView class="oracle.dbtools.crest.swingui.relational.TVTable" oid="17EAB4BF-7BC9-072C-42B1-51F312A65B72" otype="Table" vid="4049025D-14CC-175C-58E5-369565364298">
<hideElementsInCurrentOnly>false</hideElementsInCurrentOnly>
<bounds x="20" y="530" width="227" height="102"/>
</OView>
<OView class="oracle.dbtools.crest.swingui.relational.TVTable" oid="485F590B-22B4-4314-7619-2F1F6644878A" otype="Table" vid="7D70EC7D-2441-92FC-5599-CD95C439903E">
<hideElementsInCurrentOnly>false</hideElementsInCurrentOnly>
<bounds x="20" y="188" width="345" height="282"/>
</OView>
<OView class="oracle.dbtools.crest.swingui.relational.TVTable" oid="9F684A02-B5F3-6F89-7439-4A47B0E022F9" otype="Table" vid="92FC4841-1B76-D4F3-693A-07B8BF6A420B">
<hideElementsInCurrentOnly>false</hideElementsInCurrentOnly>
<bounds x="20" y="20" width="403" height="108"/>
</OView>
<OView class="oracle.dbtools.crest.swingui.relational.TVTable" oid="DD8EAA6E-E73C-5C7C-E5F5-4FC11E31D720" otype="Table" vid="9C073536-96F8-DBA0-271F-FAE6F3B698B4">
<hideElementsInCurrentOnly>false</hideElementsInCurrentOnly>
<bounds x="445" y="188" width="242" height="102"/>
</OView>
</objectViews>
<connectors>
<Connector class="oracle.dbtools.crest.swingui.relational.TVFKRelation" oid="4D3CBCC4-A792-920B-40BA-DE8480A497CF" otype="FKIndexAssociation" vid_source="4049025D-14CC-175C-58E5-369565364298" vid_target="7D70EC7D-2441-92FC-5599-CD95C439903E">
<hideElementsInCurrentOnly>false</hideElementsInCurrentOnly>
<backgroundColor>-16777216</backgroundColor>
<lineWidth>1</lineWidth>
<points>
<point x="133" y="530"/>
<point x="133" y="470"/>
</points>
</Connector>
<Connector class="oracle.dbtools.crest.swingui.relational.TVFKRelation" oid="83EE3579-468A-8521-23BC-9A4154F1800D" otype="FKIndexAssociation" vid_source="7D70EC7D-2441-92FC-5599-CD95C439903E" vid_target="92FC4841-1B76-D4F3-693A-07B8BF6A420B">
<hideElementsInCurrentOnly>false</hideElementsInCurrentOnly>
<backgroundColor>-16777216</backgroundColor>
<lineWidth>1</lineWidth>
<points>
<point x="192" y="188"/>
<point x="192" y="128"/>
</points>
</Connector>
<Connector class="oracle.dbtools.crest.swingui.relational.TVFKRelation" oid="A531815A-EC24-7419-2A05-65DE4CA2D27D" otype="FKIndexAssociation" vid_source="9C073536-96F8-DBA0-271F-FAE6F3B698B4" vid_target="7D70EC7D-2441-92FC-5599-CD95C439903E">
<hideElementsInCurrentOnly>false</hideElementsInCurrentOnly>
<backgroundColor>-16777216</backgroundColor>
<lineWidth>1</lineWidth>
<points>
<point x="445" y="239"/>
<point x="365" y="239"/>
</points>
</Connector>
</connectors>
</Diagram>