<?xml version = '1.0' encoding = 'UTF-8'?>
<Diagram class="oracle.dbtools.crest.swingui.relational.DPVRelational" name="FIAP" id="312383F3-7159-F54D-A67C-31616C628028">
<createdBy>T-Gamer</createdBy>
<modifiedBy>T-Gamer</modifiedBy>
<createdTime>2022-05-26 23:56:55 UTC</createdTime>
<autoRoute>false</autoRoute>
<boxInbox>true</boxInbox>
<showLegend>false</showLegend>
<showLabels>false</showLabels>
<showRelAttributes>false</showRelAttributes>
<gridEnabled>false</gridEnabled>
<showGrid>false</showGrid>
<diagramColor>-1</diagramColor>
<display>false</display>
<notation>1</notation>
<objectViews>
<OView class="oracle.dbtools.crest.swingui.relational.TVTable" oid="17EAB4BF-7BC9-072C-42B1-51F312A65B72" otype="Table" vid="91A58515-9261-0346-629B-1A091EE4C52D">
<hideElementsInCurrentOnly>false</hideElementsInCurrentOnly>
<bounds x="1010" y="3200" width="280" height="320"/>
</OView>
<OView class="oracle.dbtools.crest.swingui.relational.TVTable" oid="3C77CE0D-6226-AEE4-AC4B-84EF8D5C90F9" otype="Table" vid="2A32C746-2798-251C-3F4E-6137547DCECC">
<hideElementsInCurrentOnly>false</hideElementsInCurrentOnly>
<bounds x="20" y="3200" width="280" height="320"/>
</OView>
<OView class="oracle.dbtools.crest.swingui.relational.TVTable" oid="485F590B-22B4-4314-7619-2F1F6644878A" otype="Table" vid="DD4EFC90-FBE7-0653-F9D6-DB0CA58ADC44">
<hideElementsInCurrentOnly>false</hideElementsInCurrentOnly>
<bounds x="350" y="3820" width="280" height="320"/>
</OView>
<OView class="oracle.dbtools.crest.swingui.relational.TVTable" oid="8DC4FD4B-614F-23A4-CF70-4B3D8FCE4441" otype="Table" vid="FABBD2D1-8A9F-1B57-1B63-04F60C2415AF">
<hideElementsInCurrentOnly>false</hideElementsInCurrentOnly>
<bounds x="350" y="3200" width="280" height="320"/>
</OView>
<OView class="oracle.dbtools.crest.swingui.relational.TVTable" oid="9F684A02-B5F3-6F89-7439-4A47B0E022F9" otype="Table" vid="426A32E1-7CAE-EF8D-1652-4B31F7B14245">
<hideElementsInCurrentOnly>false</hideElementsInCurrentOnly>
<bounds x="20" y="3820" width="280" height="320"/>
</OView>
<OView class="oracle.dbtools.crest.swingui.relational.TVTable" oid="DD8EAA6E-E73C-5C7C-E5F5-4FC11E31D720" otype="Table" vid="60F4E7AC-AFCD-33D3-E532-57674FA02A33">
<hideElementsInCurrentOnly>false</hideElementsInCurrentOnly>
<bounds x="680" y="3200" width="280" height="320"/>
</OView>
</objectViews>
<connectors>
<Connector class="oracle.dbtools.crest.swingui.relational.TVFKRelation" oid="4D3CBCC4-A792-920B-40BA-DE8480A497CF" otype="FKIndexAssociation" vid_source="91A58515-9261-0346-629B-1A091EE4C52D" vid_target="DD4EFC90-FBE7-0653-F9D6-DB0CA58ADC44">
<hideElementsInCurrentOnly>false</hideElementsInCurrentOnly>
<backgroundColor>-16777216</backgroundColor>
<lineWidth>1</lineWidth>
<points>
<point x="270" y="225"/>
<point x="120" y="225"/>
</points>
</Connector>
<Connector class="oracle.dbtools.crest.swingui.relational.TVFKRelation" oid="5187F0E0-AE37-E5A4-8AA0-85AD4709D7E7" otype="FKIndexAssociation" vid_source="DD4EFC90-FBE7-0653-F9D6-DB0CA58ADC44" vid_target="2A32C746-2798-251C-3F4E-6137547DCECC">
<hideElementsInCurrentOnly>false</hideElementsInCurrentOnly>
<backgroundColor>-16777216</backgroundColor>
<lineWidth>1</lineWidth>
<points>
<point x="290" y="275"/>
<point x="150" y="275"/>
</points>
</Connector>
<Connector class="oracle.dbtools.crest.swingui.relational.TVFKRelation" oid="83EE3579-468A-8521-23BC-9A4154F1800D" otype="FKIndexAssociation" vid_source="DD4EFC90-FBE7-0653-F9D6-DB0CA58ADC44" vid_target="426A32E1-7CAE-EF8D-1652-4B31F7B14245">
<hideElementsInCurrentOnly>false</hideElementsInCurrentOnly>
<backgroundColor>-16777216</backgroundColor>
<lineWidth>1</lineWidth>
<points>
<point x="235" y="300"/>
<point x="235" y="310"/>
</points>
</Connector>
<Connector class="oracle.dbtools.crest.swingui.relational.TVFKRelation" oid="9E5C387E-28D8-3FAD-49A6-C1D62C55F446" otype="FKIndexAssociation" vid_source="FABBD2D1-8A9F-1B57-1B63-04F60C2415AF" vid_target="426A32E1-7CAE-EF8D-1652-4B31F7B14245">
<hideElementsInCurrentOnly>false</hideElementsInCurrentOnly>
<backgroundColor>-16777216</backgroundColor>
<lineWidth>1</lineWidth>
<points>
<point x="340" y="355"/>
<point x="180" y="355"/>
</points>
</Connector>
<Connector class="oracle.dbtools.crest.swingui.relational.TVFKRelation" oid="A531815A-EC24-7419-2A05-65DE4CA2D27D" otype="FKIndexAssociation" vid_source="60F4E7AC-AFCD-33D3-E532-57674FA02A33" vid_target="DD4EFC90-FBE7-0653-F9D6-DB0CA58ADC44">
<hideElementsInCurrentOnly>false</hideElementsInCurrentOnly>
<backgroundColor>-16777216</backgroundColor>
<lineWidth>1</lineWidth>
<points>
<point x="280" y="235"/>
<point x="120" y="235"/>
</points>
</Connector>
<Connector class="oracle.dbtools.crest.swingui.relational.TVFKRelation" oid="B8D51220-5330-AE8D-7634-F0AF508B4818" otype="FKIndexAssociation" vid_source="FABBD2D1-8A9F-1B57-1B63-04F60C2415AF" vid_target="2A32C746-2798-251C-3F4E-6137547DCECC">
<hideElementsInCurrentOnly>false</hideElementsInCurrentOnly>
<backgroundColor>-16777216</backgroundColor>
<lineWidth>1</lineWidth>
<points>
<point x="170" y="325"/>
<point x="320" y="325"/>
</points>
</Connector>
</connectors>
</Diagram>