<?xml version = '1.0' encoding = 'UTF-8'?>
<Diagram class="oracle.dbtools.crest.swingui.relational.DPVRelationalSubView" name="FIAP - SubView_4" id="445555B7-E9D8-437D-81EE-EF32794DCF06">
<createdBy>T-Gamer</createdBy>
<modifiedBy>T-Gamer</modifiedBy>
<createdTime>2022-05-27 00:01:46 UTC</createdTime>
<autoRoute>false</autoRoute>
<boxInbox>true</boxInbox>
<showLegend>false</showLegend>
<showLabels>false</showLabels>
<showRelAttributes>false</showRelAttributes>
<gridEnabled>false</gridEnabled>
<showGrid>false</showGrid>
<diagramColor>-1</diagramColor>
<display>false</display>
<notation>1</notation>
<objectViews>
<OView class="oracle.dbtools.crest.swingui.relational.TVTable" oid="8DC4FD4B-614F-23A4-CF70-4B3D8FCE4441" otype="Table" vid="5336C7B6-3530-7A69-7245-831E484D5F56">
<hideElementsInCurrentOnly>false</hideElementsInCurrentOnly>
<bounds x="20" y="188" width="226" height="74"/>
</OView>
<OView class="oracle.dbtools.crest.swingui.relational.TVTable" oid="9F684A02-B5F3-6F89-7439-4A47B0E022F9" otype="Table" vid="CC9BB77E-EA39-C011-CD96-15BEFCFCB8EB">
<hideElementsInCurrentOnly>false</hideElementsInCurrentOnly>
<bounds x="20" y="20" width="403" height="108"/>
</OView>
</objectViews>
<connectors>
<Connector class="oracle.dbtools.crest.swingui.relational.TVFKRelation" oid="9E5C387E-28D8-3FAD-49A6-C1D62C55F446" otype="FKIndexAssociation" vid_source="5336C7B6-3530-7A69-7245-831E484D5F56" vid_target="CC9BB77E-EA39-C011-CD96-15BEFCFCB8EB">
<hideElementsInCurrentOnly>false</hideElementsInCurrentOnly>
<backgroundColor>-16777216</backgroundColor>
<lineWidth>1</lineWidth>
<points>
<point x="133" y="188"/>
<point x="133" y="128"/>
</points>
</Connector>
</connectors>
</Diagram>