<?xml version = '1.0' encoding = 'UTF-8'?>
<Diagram class="oracle.dbtools.crest.swingui.relational.DPVRelationalSubView" name="FIAP - SubView_2" id="5D411B0B-4BAB-AC9C-0A10-39AD649565D1">
<createdBy>T-Gamer</createdBy>
<modifiedBy>T-Gamer</modifiedBy>
<createdTime>2022-05-26 23:59:21 UTC</createdTime>
<autoRoute>false</autoRoute>
<boxInbox>true</boxInbox>
<showLegend>false</showLegend>
<showLabels>false</showLabels>
<showRelAttributes>false</showRelAttributes>
<gridEnabled>false</gridEnabled>
<showGrid>false</showGrid>
<diagramColor>-1</diagramColor>
<display>false</display>
<notation>1</notation>
<objectViews>
<OView class="oracle.dbtools.crest.swingui.relational.TVTable" oid="485F590B-22B4-4314-7619-2F1F6644878A" otype="Table" vid="65D10BB9-315E-91A7-C8C9-7772439C0E31">
<hideElementsInCurrentOnly>false</hideElementsInCurrentOnly>
<bounds x="20" y="188" width="345" height="282"/>
</OView>
<OView class="oracle.dbtools.crest.swingui.relational.TVTable" oid="8DC4FD4B-614F-23A4-CF70-4B3D8FCE4441" otype="Table" vid="00D0A83F-F33A-C261-9995-D4E59119DC42">
<hideElementsInCurrentOnly>false</hideElementsInCurrentOnly>
<bounds x="503" y="20" width="226" height="74"/>
</OView>
<OView class="oracle.dbtools.crest.swingui.relational.TVTable" oid="9F684A02-B5F3-6F89-7439-4A47B0E022F9" otype="Table" vid="DD0F4E3D-BB83-A3EC-0B36-BABF331BC5FE">
<hideElementsInCurrentOnly>false</hideElementsInCurrentOnly>
<bounds x="20" y="20" width="403" height="108"/>
</OView>
</objectViews>
<connectors>
<Connector class="oracle.dbtools.crest.swingui.relational.TVFKRelation" oid="83EE3579-468A-8521-23BC-9A4154F1800D" otype="FKIndexAssociation" vid_source="65D10BB9-315E-91A7-C8C9-7772439C0E31" vid_target="DD0F4E3D-BB83-A3EC-0B36-BABF331BC5FE">
<hideElementsInCurrentOnly>false</hideElementsInCurrentOnly>
<backgroundColor>-16777216</backgroundColor>
<lineWidth>1</lineWidth>
<points>
<point x="192" y="188"/>
<point x="192" y="128"/>
</points>
</Connector>
<Connector class="oracle.dbtools.crest.swingui.relational.TVFKRelation" oid="9E5C387E-28D8-3FAD-49A6-C1D62C55F446" otype="FKIndexAssociation" vid_source="00D0A83F-F33A-C261-9995-D4E59119DC42" vid_target="DD0F4E3D-BB83-A3EC-0B36-BABF331BC5FE">
<hideElementsInCurrentOnly>false</hideElementsInCurrentOnly>
<backgroundColor>-16777216</backgroundColor>
<lineWidth>1</lineWidth>
<points>
<point x="503" y="57"/>
<point x="423" y="57"/>
</points>
</Connector>
</connectors>
</Diagram>