<?xml version = '1.0' encoding = 'UTF-8'?>
<FKIndexAssociation class="oracle.dbtools.crest.model.design.relational.FKIndexAssociation" directorySegmentName="seg_0" id="9E5C387E-28D8-3FAD-49A6-C1D62C55F446" containerWithKeyObject="9F684A02-B5F3-6F89-7439-4A47B0E022F9" localFKIndex="F28062FD-BFB1-BBB6-8D5C-2FB042AAA07B" name="FKR7DHCC2GQGRK7UVST9C8MG0Y8">
<createdBy>T-Gamer</createdBy>
<createdTime>2022-05-26 23:56:55 UTC</createdTime>
<ownerDesignName>tab_dono_cp3</ownerDesignName>
<importedID>23DB3231-0E0A-2593-9486-F83B3A296FD7</importedID>
<referredTableLongName>RM88392.TAB_ACESSORIO_CP3</referredTableLongName>
<deleteRule>NO ACTION</deleteRule>
<referredTableID>8DC4FD4B-614F-23A4-CF70-4B3D8FCE4441</referredTableID>
<keyObject>50A3AAFD-E165-827A-4375-340D3C5EA877</keyObject>
<referredKeyID>50A3AAFD-E165-827A-4375-340D3C5EA877</referredKeyID>
<mandatory>true</mandatory>
<refColNames>CODIGO</refColNames>
<transferable>true</transferable>
<rely>false</rely>
<columnDependencyConstraintGenerateInDDL>true</columnDependencyConstraintGenerateInDDL>
</FKIndexAssociation>