<?xml version = '1.0' encoding = 'UTF-8'?>
<FKIndexAssociation class="oracle.dbtools.crest.model.design.relational.FKIndexAssociation" directorySegmentName="seg_0" id="B8D51220-5330-AE8D-7634-F0AF508B4818" containerWithKeyObject="3C77CE0D-6226-AEE4-AC4B-84EF8D5C90F9" localFKIndex="17ED8B1B-2D75-C2A2-B27C-221FECE189DD" name="FKPUYIO5HAJ650FQ0E79WFM2VGM">
<createdBy>T-Gamer</createdBy>
<createdTime>2022-05-26 23:56:55 UTC</createdTime>
<ownerDesignName>tab_dono_cp3</ownerDesignName>
<importedID>98CF8E97-F39D-0A5F-C987-320A9FEFD29C</importedID>
<referredTableLongName>RM88392.TAB_ACESSORIO_CP3</referredTableLongName>
<deleteRule>NO ACTION</deleteRule>
<referredTableID>8DC4FD4B-614F-23A4-CF70-4B3D8FCE4441</referredTableID>
<keyObject>50A3AAFD-E165-827A-4375-340D3C5EA877</keyObject>
<referredKeyID>50A3AAFD-E165-827A-4375-340D3C5EA877</referredKeyID>
<mandatory>true</mandatory>
<refColNames>CODIGO</refColNames>
<transferable>true</transferable>
<rely>false</rely>
<columnDependencyConstraintGenerateInDDL>true</columnDependencyConstraintGenerateInDDL>
</FKIndexAssociation>