<?xml version = '1.0' encoding = 'UTF-8'?>
<FKIndexAssociation class="oracle.dbtools.crest.model.design.relational.FKIndexAssociation" directorySegmentName="seg_0" id="4D3CBCC4-A792-920B-40BA-DE8480A497CF" containerWithKeyObject="485F590B-22B4-4314-7619-2F1F6644878A" localFKIndex="FD19717A-3275-A6F6-2FF9-D89662C8D8BC" name="FKOA1J7WXLON3HSGWS3HCD5YJSS">
<createdBy>T-Gamer</createdBy>
<createdTime>2022-05-26 23:56:55 UTC</createdTime>
<ownerDesignName>tab_acessorio_cp3</ownerDesignName>
<importedID>6E17075E-E03F-CECC-7004-D80D7CDF0162</importedID>
<referredTableLongName>RM88392.TAB_DONO_CP3</referredTableLongName>
<deleteRule>NO ACTION</deleteRule>
<referredTableID>17EAB4BF-7BC9-072C-42B1-51F312A65B72</referredTableID>
<keyObject>EAC37089-82AB-D35B-A8D6-4CE8DB431F01</keyObject>
<referredKeyID>EAC37089-82AB-D35B-A8D6-4CE8DB431F01</referredKeyID>
<mandatory>false</mandatory>
<refColNames>CODIGO</refColNames>
<transferable>true</transferable>
<rely>false</rely>
<columnDependencyConstraintGenerateInDDL>true</columnDependencyConstraintGenerateInDDL>
</FKIndexAssociation>