<?xml version = '1.0' encoding = 'UTF-8'?>
<TableProxyOraclev12c class="oracle.dbtools.crest.model.design.storage.oracle.v12c.TableProxyOraclev12c" name="TAB_JOGO_ACESSORIO_CP3v1" directorySegmentName="seg_0" id="0354DBFC-790B-143D-B51E-C728B7E1D7D2">
<createdBy>T-Gamer</createdBy>
<createdTime>2022-05-27 00:12:49 UTC</createdTime>
<ownerDesignName>modelagem_final</ownerDesignName>
<schemaObject>089C9A85-8094-ACBE-86CC-0B385D619C7F</schemaObject>
<logging>YES</logging>
<partitionedRowMovement>DISABLE</partitionedRowMovement>
<temporaryChanged>false</temporaryChanged>
<accessDriverType>oracle_loader</accessDriverType>
<rejectLimit></rejectLimit>
<columnProxies itemClass="oracle.dbtools.crest.model.design.storage.oracle.v12c.ColumnProxyOraclev12c">
<ColumnProxy name="JOGO_CODIGO" id="49E7C521-B41F-AA77-027B-F9884020D03E">
<createdBy>T-Gamer</createdBy>
<createdTime>2022-05-27 00:12:49 UTC</createdTime>
<ownerDesignName>modelagem_final</ownerDesignName>
</ColumnProxy>
<ColumnProxy name="ACESSORIO_CODIGO" id="A1C6E153-0DFC-FEED-F865-6F461BB70E49">
<createdBy>T-Gamer</createdBy>
<createdTime>2022-05-27 00:12:49 UTC</createdTime>
<ownerDesignName>modelagem_final</ownerDesignName>
</ColumnProxy>
</columnProxies>
<foreignKeys>
<ForeignKey class="oracle.dbtools.crest.model.design.storage.oracle.v10g.FKProxyOraclev10g" name="TAB_JOGO_ACESSORIO_CP3v1_TAB_JOGO_CP3_FK" id="574FE349-24CA-A902-6CD1-3CF66C2F18B7">
<createdBy>T-Gamer</createdBy>
<createdTime>2022-05-27 00:12:49 UTC</createdTime>
<ownerDesignName>modelagem_final</ownerDesignName>
</ForeignKey>
<ForeignKey class="oracle.dbtools.crest.model.design.storage.oracle.v10g.FKProxyOraclev10g" name="TAB_JOGO_ACESSORIO_CP3v1_TAB_ACESSORIO_CP3v2_FK" id="E79B02E7-AC71-8766-1BB1-717899FA534B">
<createdBy>T-Gamer</createdBy>
<createdTime>2022-05-27 00:12:49 UTC</createdTime>
<ownerDesignName>modelagem_final</ownerDesignName>
</ForeignKey>
</foreignKeys>
<primaryKeys>
<PrimaryKey class="oracle.dbtools.crest.model.design.storage.oracle.v10g.PKProxyOraclev10g" name="TAB_JOGO_ACESSORIO_CP3v1_PK" id="731F6F78-DEF8-0935-ABC2-F9775BE15881">
<createdBy>T-Gamer</createdBy>
<createdTime>2022-05-27 00:12:49 UTC</createdTime>
<ownerDesignName>modelagem_final</ownerDesignName>
<schemaObject>089C9A85-8094-ACBE-86CC-0B385D619C7F</schemaObject>
<indexSort>SORTED</indexSort>
</PrimaryKey>
</primaryKeys>
</TableProxyOraclev12c>