<?xml version = '1.0' encoding = 'UTF-8'?>
<TableProxyOraclev12c class="oracle.dbtools.crest.model.design.storage.oracle.v12c.TableProxyOraclev12c" name="TAB_ACESSORIO_CP3v1" directorySegmentName="seg_0" id="1C007A19-BD10-199C-1B96-9CF691EE371A">
<createdBy>T-Gamer</createdBy>
<createdTime>2022-05-27 00:09:07 UTC</createdTime>
<ownerDesignName>modelagem_final</ownerDesignName>
<schemaObject>089C9A85-8094-ACBE-86CC-0B385D619C7F</schemaObject>
<logging>YES</logging>
<partitionedRowMovement>DISABLE</partitionedRowMovement>
<temporaryChanged>false</temporaryChanged>
<accessDriverType>oracle_loader</accessDriverType>
<rejectLimit></rejectLimit>
<columnProxies itemClass="oracle.dbtools.crest.model.design.storage.oracle.v12c.ColumnProxyOraclev12c">
<ColumnProxy name="CODIGO" id="BA8B4402-C59D-F202-C650-42F634B45A89">
<createdBy>T-Gamer</createdBy>
<createdTime>2022-05-27 00:09:07 UTC</createdTime>
<ownerDesignName>modelagem_final</ownerDesignName>
</ColumnProxy>
<ColumnProxy name="DESCRICAO" id="BD029162-ED22-7D2E-E8E0-D87F7ED779EA">
<createdBy>T-Gamer</createdBy>
<createdTime>2022-05-27 00:09:07 UTC</createdTime>
<ownerDesignName>modelagem_final</ownerDesignName>
</ColumnProxy>
</columnProxies>
<primaryKeys>
<PrimaryKey class="oracle.dbtools.crest.model.design.storage.oracle.v10g.PKProxyOraclev10g" name="TAB_ACESSORIO_CP3v1_PK" id="5B02D176-3A3A-03C0-7858-3B4B0DCC27B3">
<createdBy>T-Gamer</createdBy>
<createdTime>2022-05-27 00:09:07 UTC</createdTime>
<ownerDesignName>modelagem_final</ownerDesignName>
<schemaObject>089C9A85-8094-ACBE-86CC-0B385D619C7F</schemaObject>
<indexSort>SORTED</indexSort>
</PrimaryKey>
</primaryKeys>
</TableProxyOraclev12c>