<?xml version = '1.0' encoding = 'UTF-8'?>
<TableProxyOraclev12c class="oracle.dbtools.crest.model.design.storage.oracle.v12c.TableProxyOraclev12c" name="TAB_JOGO_CP3" directorySegmentName="seg_0" id="485F590B-22B4-4314-7619-2F1F6644878A">
<createdBy>T-Gamer</createdBy>
<createdTime>2022-05-26 23:56:55 UTC</createdTime>
<ownerDesignName>modelagem_final</ownerDesignName>
<schemaObject>089C9A85-8094-ACBE-86CC-0B385D619C7F</schemaObject>
<logging>YES</logging>
<partitionedRowMovement>DISABLE</partitionedRowMovement>
<segment>0C0FF511-4EBC-8CE0-39AE-E9AFD857CFB0</segment>
<tableSpace>57A4A4A2-3A88-DE4F-FEE4-8F90EBAEF640</tableSpace>
<temporaryChanged>false</temporaryChanged>
<accessDriverType>oracle_loader</accessDriverType>
<rejectLimit></rejectLimit>
<inMemory>NO</inMemory>
<columnProxies itemClass="oracle.dbtools.crest.model.design.storage.oracle.v12c.ColumnProxyOraclev12c">
<ColumnProxy name="NOTA" id="05C69B8F-F4D2-134A-A701-35421834B72E">
<createdBy>T-Gamer</createdBy>
<createdTime>2022-05-26 23:56:55 UTC</createdTime>
<ownerDesignName>modelagem_final</ownerDesignName>
</ColumnProxy>
<ColumnProxy name="FOTO" id="0E175C88-E6D0-5A8C-489D-6D55E31354FD">
<createdBy>T-Gamer</createdBy>
<createdTime>2022-05-26 23:56:55 UTC</createdTime>
<ownerDesignName>modelagem_final</ownerDesignName>
</ColumnProxy>
<ColumnProxy name="CODIGO" id="596395CC-7304-F97C-A7A5-4D0A460A0DF3">
<createdBy>T-Gamer</createdBy>
<createdTime>2022-05-26 23:56:55 UTC</createdTime>
<ownerDesignName>modelagem_final</ownerDesignName>
<autoIncrementDDL>IDENTITY_CLAUSE</autoIncrementDDL>
</ColumnProxy>
<ColumnProxy name="NOME" id="606A8411-3568-1DAB-E2F5-B2E5D1910A8E">
<createdBy>T-Gamer</createdBy>
<createdTime>2022-05-26 23:56:55 UTC</createdTime>
<ownerDesignName>modelagem_final</ownerDesignName>
</ColumnProxy>
<ColumnProxy name="DONO_CODIGO" id="8ADE4F11-45DE-340F-8566-FAE85B4572F4">
<createdBy>T-Gamer</createdBy>
<createdTime>2022-05-26 23:56:55 UTC</createdTime>
<ownerDesignName>modelagem_final</ownerDesignName>
</ColumnProxy>
<ColumnProxy name="ANO_LANCAMENTO" id="9027639D-9A4C-EE27-AD97-8ADAF9C1132E">
<createdBy>T-Gamer</createdBy>
<createdTime>2022-05-26 23:56:55 UTC</createdTime>
<ownerDesignName>modelagem_final</ownerDesignName>
</ColumnProxy>
<ColumnProxy name="VALOR" id="9C01E16D-AEEF-7860-00A5-DF1737A08104">
<createdBy>T-Gamer</createdBy>
<createdTime>2022-05-26 23:56:55 UTC</createdTime>
<ownerDesignName>modelagem_final</ownerDesignName>
</ColumnProxy>
<ColumnProxy name="DESENVOLVEDORA" id="B484C4BF-921E-F252-71ED-BD518D448C1F">
<createdBy>T-Gamer</createdBy>
<createdTime>2022-05-26 23:56:55 UTC</createdTime>
<ownerDesignName>modelagem_final</ownerDesignName>
</ColumnProxy>
<ColumnProxy name="ESPECIFICACOES" id="BB54719C-CC70-BE7F-D0B7-7DFE2A023F92">
<createdBy>T-Gamer</createdBy>
<createdTime>2022-05-26 23:56:55 UTC</createdTime>
<ownerDesignName>modelagem_final</ownerDesignName>
</ColumnProxy>
<ColumnProxy name="DATA_CADASTRO" id="C2F1E061-E712-A038-4834-E1CF1CB82D40">
<createdBy>T-Gamer</createdBy>
<createdTime>2022-05-26 23:56:55 UTC</createdTime>
<ownerDesignName>modelagem_final</ownerDesignName>
</ColumnProxy>
<ColumnProxy name="COD_DESTRIBUIDORA" id="C9105407-D5B9-C0DD-B717-C66CA5593FC3">
<createdBy>T-Gamer</createdBy>
<createdTime>2022-05-26 23:56:55 UTC</createdTime>
<ownerDesignName>modelagem_final</ownerDesignName>
</ColumnProxy>
<ColumnProxy name="TIPO_JOGO" id="CFB0F58C-0B97-A641-4E97-FD426D9D8262">
<createdBy>T-Gamer</createdBy>
<createdTime>2022-05-26 23:56:55 UTC</createdTime>
<ownerDesignName>modelagem_final</ownerDesignName>
</ColumnProxy>
</columnProxies>
<indexProxies>
<IndexProxy class="oracle.dbtools.crest.model.design.storage.oracle.v10g.IndexProxyOraclev10g" name="UK_SGO91URIQTXPL438717URUWWE" id="C9D7249D-BDF4-F61F-1D6B-6859357CE6E7">
<createdBy>T-Gamer</createdBy>
<createdTime>2022-05-26 23:56:55 UTC</createdTime>
<ownerDesignName>modelagem_final</ownerDesignName>
<schemaObject>089C9A85-8094-ACBE-86CC-0B385D619C7F</schemaObject>
<segment>28AD3C21-CF63-2A89-9E20-50A2EA34D584</segment>
<tableSpace>57A4A4A2-3A88-DE4F-FEE4-8F90EBAEF640</tableSpace>
</IndexProxy>
</indexProxies>
<foreignKeys>
<ForeignKey class="oracle.dbtools.crest.model.design.storage.oracle.v10g.FKProxyOraclev10g" name="FKMSB42WC18BNE70GB6JDEVUD6" id="56AE3660-56D7-92F2-9943-05DA6F76122D">
<createdBy>T-Gamer</createdBy>
<createdTime>2022-05-26 23:56:55 UTC</createdTime>
<ownerDesignName>modelagem_final</ownerDesignName>
</ForeignKey>
<ForeignKey class="oracle.dbtools.crest.model.design.storage.oracle.v10g.FKProxyOraclev10g" name="FKOA1J7WXLON3HSGWS3HCD5YJSS" id="FD19717A-3275-A6F6-2FF9-D89662C8D8BC">
<createdBy>T-Gamer</createdBy>
<createdTime>2022-05-26 23:56:55 UTC</createdTime>
<ownerDesignName>modelagem_final</ownerDesignName>
</ForeignKey>
</foreignKeys>
<lobStorages>
<LobStorage class="oracle.dbtools.crest.model.design.storage.oracle.v11g.LobStorageOraclev11g" name="SYS_LOB0001501735C00005$$" id="B0043715-AF6C-7BD7-C21A-2F8CE6403BA2">
<createdBy>T-Gamer</createdBy>
<createdTime>2022-05-26 23:56:56 UTC</createdTime>
<ownerDesignName>modelagem_final</ownerDesignName>
<cache>NOCACHE</cache>
<chunk>8192</chunk>
<column>ESPECIFICACOES</column>
<compression>NO</compression>
<duplication>KEEP_DUPLICATES</duplication>
<logging>YES</logging>
<tableSpace>57A4A4A2-3A88-DE4F-FEE4-8F90EBAEF640</tableSpace>
<lobStorageType>SECUREFILE</lobStorageType>
</LobStorage>
<LobStorage class="oracle.dbtools.crest.model.design.storage.oracle.v11g.LobStorageOraclev11g" name="SYS_LOB0001501735C00006$$" id="94C3DE15-7997-387A-FF29-0C6ABA2D943A">
<createdBy>T-Gamer</createdBy>
<createdTime>2022-05-26 23:56:56 UTC</createdTime>
<ownerDesignName>modelagem_final</ownerDesignName>
<cache>NOCACHE</cache>
<chunk>8192</chunk>
<column>FOTO</column>
<compression>NO</compression>
<duplication>KEEP_DUPLICATES</duplication>
<logging>YES</logging>
<tableSpace>57A4A4A2-3A88-DE4F-FEE4-8F90EBAEF640</tableSpace>
<lobStorageType>SECUREFILE</lobStorageType>
</LobStorage>
</lobStorages>
<primaryKeys>
<PrimaryKey class="oracle.dbtools.crest.model.design.storage.oracle.v10g.PKProxyOraclev10g" name="TAB_JOGO_CP3_PK" id="17507F2F-F678-C25C-3FB4-8E58B845C7B1">
<createdBy>T-Gamer</createdBy>
<createdTime>2022-05-26 23:56:55 UTC</createdTime>
<ownerDesignName>modelagem_final</ownerDesignName>
<schemaObject>089C9A85-8094-ACBE-86CC-0B385D619C7F</schemaObject>
<segment>28AD3C21-CF63-2A89-9E20-50A2EA34D584</segment>
<tableSpace>57A4A4A2-3A88-DE4F-FEE4-8F90EBAEF640</tableSpace>
<indexSegment>28AD3C21-CF63-2A89-9E20-50A2EA34D584</indexSegment>
<indexSort>SORTED</indexSort>
<usingIndex>BY INDEX NAME</usingIndex>
</PrimaryKey>
</primaryKeys>
<uniqueKeys>
<UniqueKey class="oracle.dbtools.crest.model.design.storage.oracle.v10g.UniqueOraclev10g" name="UK_SGO91URIQTXPL438717URUWWE" id="0A837D0B-7A56-FAFC-955F-4844D653F637">
<createdBy>T-Gamer</createdBy>
<createdTime>2022-05-26 23:56:55 UTC</createdTime>
<ownerDesignName>modelagem_final</ownerDesignName>
<segment>28AD3C21-CF63-2A89-9E20-50A2EA34D584</segment>
<tableSpace>57A4A4A2-3A88-DE4F-FEE4-8F90EBAEF640</tableSpace>
<existingIndex>C9D7249D-BDF4-F61F-1D6B-6859357CE6E7</existingIndex>
<indexSegment>28AD3C21-CF63-2A89-9E20-50A2EA34D584</indexSegment>
<indexSort>SORTED</indexSort>
<usingIndex>BY INDEX NAME</usingIndex>
</UniqueKey>
</uniqueKeys>
</TableProxyOraclev12c>