<?xml version = '1.0' encoding = 'UTF-8'?>
<FKIndexAssociation class="oracle.dbtools.crest.model.design.relational.FKIndexAssociation" directorySegmentName="seg_0" id="A531815A-EC24-7419-2A05-65DE4CA2D27D" containerWithKeyObject="485F590B-22B4-4314-7619-2F1F6644878A" localFKIndex="56AE3660-56D7-92F2-9943-05DA6F76122D" name="FKMSB42WC18BNE70GB6JDEVUD6">
<createdBy>T-Gamer</createdBy>
<createdTime>2022-05-26 23:56:55 UTC</createdTime>
<ownerDesignName>modelagem_final</ownerDesignName>
<importedID>84C9E0B6-E0F6-B42D-F617-D4B2E2D5ACD0</importedID>
<referredTableLongName>RM88392.TAB_DESTRIBUIDORA_CP3</referredTableLongName>
<deleteRule>NO ACTION</deleteRule>
<referredTableID>DD8EAA6E-E73C-5C7C-E5F5-4FC11E31D720</referredTableID>
<keyObject>8D21BCE5-6344-4920-FDDD-E3CA74FDF4FD</keyObject>
<referredKeyID>8D21BCE5-6344-4920-FDDD-E3CA74FDF4FD</referredKeyID>
<mandatory>true</mandatory>
<refColNames>CODIGO</refColNames>
<transferable>true</transferable>
<rely>false</rely>
<columnDependencyConstraintGenerateInDDL>true</columnDependencyConstraintGenerateInDDL>
</FKIndexAssociation>