<?xml version = '1.0' encoding = 'UTF-8'?>
<FKIndexAssociation class="oracle.dbtools.crest.model.design.relational.FKIndexAssociation" directorySegmentName="seg_0" id="B04DD71C-8804-2069-0EB8-780F31B75E86" containerWithKeyObject="0354DBFC-790B-143D-B51E-C728B7E1D7D2" localFKIndex="E79B02E7-AC71-8766-1BB1-717899FA534B" name="TAB_JOGO_ACESSORIO_CP3v1_TAB_ACESSORIO_CP3v2_FK">
<createdBy>T-Gamer</createdBy>
<createdTime>2022-05-27 00:12:49 UTC</createdTime>
<ownerDesignName>modelagem_final</ownerDesignName>
<referredTableLongName>RM88392.TAB_ACESSORIO_CP3v2</referredTableLongName>
<deleteRule>NO ACTION</deleteRule>
<referredTableID>EE54C958-56BD-4895-C504-A3E61A993208</referredTableID>
<keyObject>3540F2FA-E95D-565E-5551-C86CA52C3057</keyObject>
<referredKeyID>3540F2FA-E95D-565E-5551-C86CA52C3057</referredKeyID>
<mandatory>true</mandatory>
<refColNames>CODIGO</refColNames>
<transferable>true</transferable>
<rely>false</rely>
<columnDependencyConstraintGenerateInDDL>true</columnDependencyConstraintGenerateInDDL>
</FKIndexAssociation>