<?xml version = '1.0' encoding = 'UTF-8'?>
<FKIndexAssociation class="oracle.dbtools.crest.model.design.relational.FKIndexAssociation" directorySegmentName="seg_0" id="BB012E8E-D9BD-E049-DCEE-81FFB23E1C87" containerWithKeyObject="0354DBFC-790B-143D-B51E-C728B7E1D7D2" localFKIndex="574FE349-24CA-A902-6CD1-3CF66C2F18B7" name="TAB_JOGO_ACESSORIO_CP3v1_TAB_JOGO_CP3_FK">
<createdBy>T-Gamer</createdBy>
<createdTime>2022-05-27 00:12:49 UTC</createdTime>
<ownerDesignName>modelagem_final</ownerDesignName>
<referredTableLongName>RM88392.TAB_JOGO_CP3</referredTableLongName>
<deleteRule>NO ACTION</deleteRule>
<referredTableID>485F590B-22B4-4314-7619-2F1F6644878A</referredTableID>
<keyObject>17507F2F-F678-C25C-3FB4-8E58B845C7B1</keyObject>
<referredKeyID>17507F2F-F678-C25C-3FB4-8E58B845C7B1</referredKeyID>
<mandatory>true</mandatory>
<refColNames>CODIGO</refColNames>
<transferable>true</transferable>
<rely>false</rely>
<columnDependencyConstraintGenerateInDDL>true</columnDependencyConstraintGenerateInDDL>
</FKIndexAssociation>