<?xml version = '1.0' encoding = 'UTF-8'?>
<SegmentOraclev10g class="oracle.dbtools.crest.model.design.storage.oracle.v10g.SegmentOraclev10g" name="Storage1" directorySegmentName="seg_0" id="0C0FF511-4EBC-8CE0-39AE-E9AFD857CFB0">
<createdBy>T-Gamer</createdBy>
<createdTime>2022-05-26 23:04:43 UTC</createdTime>
<ownerDesignName>tab_jogo_acessorio_cp3</ownerDesignName>
<maxTrans>255</maxTrans>
<scInitialExtent>65536</scInitialExtent>
<scMaxExtents>2147483645</scMaxExtents>
<scNextExtent>1048576</scNextExtent>
</SegmentOraclev10g>