<?xml version = '1.0' encoding = 'UTF-8'?>
<SegmentOraclev10g class="oracle.dbtools.crest.model.design.storage.oracle.v10g.SegmentOraclev10g" name="Storage2" directorySegmentName="seg_0" id="28AD3C21-CF63-2A89-9E20-50A2EA34D584">
<createdBy>T-Gamer</createdBy>
<createdTime>2022-05-26 23:04:43 UTC</createdTime>
<ownerDesignName>tab_jogo_cp3</ownerDesignName>
<initrans>2</initrans>
<maxTrans>255</maxTrans>
<scInitialExtent>65536</scInitialExtent>
<scMaxExtents>2147483645</scMaxExtents>
<scNextExtent>1048576</scNextExtent>
</SegmentOraclev10g>