<?xml version = '1.0' encoding = 'UTF-8'?>
<FKIndexAssociation class="oracle.dbtools.crest.model.design.relational.FKIndexAssociation" directorySegmentName="seg_0" id="5187F0E0-AE37-E5A4-8AA0-85AD4709D7E7" containerWithKeyObject="3C77CE0D-6226-AEE4-AC4B-84EF8D5C90F9" localFKIndex="DE068FFB-CA8F-6CC1-59C9-81F6ACE2705F" name="FKMHEOCPGDIGCO10QTW24QT4EUL">
<createdBy>T-Gamer</createdBy>
<createdTime>2022-05-26 23:56:55 UTC</createdTime>
<ownerDesignName>tab_jogo_acessorio_cp3</ownerDesignName>
<importedID>78445D6C-1937-E062-AE73-CA87297C03C3</importedID>
<referredTableLongName>RM88392.TAB_JOGO_CP3</referredTableLongName>
<deleteRule>NO ACTION</deleteRule>
<referredTableID>485F590B-22B4-4314-7619-2F1F6644878A</referredTableID>
<keyObject>17507F2F-F678-C25C-3FB4-8E58B845C7B1</keyObject>
<referredKeyID>17507F2F-F678-C25C-3FB4-8E58B845C7B1</referredKeyID>
<mandatory>true</mandatory>
<refColNames>CODIGO</refColNames>
<transferable>true</transferable>
<rely>false</rely>
<columnDependencyConstraintGenerateInDDL>true</columnDependencyConstraintGenerateInDDL>
</FKIndexAssociation>