<?xml version = '1.0' encoding = 'UTF-8'?>
<FKIndexAssociation class="oracle.dbtools.crest.model.design.relational.FKIndexAssociation" directorySegmentName="seg_0" id="83EE3579-468A-8521-23BC-9A4154F1800D" containerWithKeyObject="9F684A02-B5F3-6F89-7439-4A47B0E022F9" localFKIndex="9A67DF2A-5396-F80E-7F9F-D7D2AF90B805" name="FKQNSURJ1BB3VCQN7XIXM936QW">
<createdBy>T-Gamer</createdBy>
<createdTime>2022-05-26 23:56:55 UTC</createdTime>
<ownerDesignName>tab_jogo_acessorio_cp3</ownerDesignName>
<importedID>CFA92F77-2087-C0C6-0514-FD5DF6E3846C</importedID>
<referredTableLongName>RM88392.TAB_JOGO_CP3</referredTableLongName>
<deleteRule>NO ACTION</deleteRule>
<referredTableID>485F590B-22B4-4314-7619-2F1F6644878A</referredTableID>
<keyObject>17507F2F-F678-C25C-3FB4-8E58B845C7B1</keyObject>
<referredKeyID>17507F2F-F678-C25C-3FB4-8E58B845C7B1</referredKeyID>
<mandatory>true</mandatory>
<refColNames>CODIGO</refColNames>
<transferable>true</transferable>
<rely>false</rely>
<columnDependencyConstraintGenerateInDDL>true</columnDependencyConstraintGenerateInDDL>
</FKIndexAssociation>