<?xml version = '1.0' encoding = 'UTF-8'?>
<Table class="oracle.dbtools.crest.model.design.relational.Table" directorySegmentName="seg_0" id="485F590B-22B4-4314-7619-2F1F6644878A" schemaObject="089C9A85-8094-ACBE-86CC-0B385D619C7F" name="TAB_JOGO_CP3">
<createdBy>T-Gamer</createdBy>
<createdTime>2022-05-26 23:56:55 UTC</createdTime>
<ownerDesignName>tab_jogo_acessorio_cp3</ownerDesignName>
<importedID>D44C9357-51F3-286F-8F86-1D599939E6B0</importedID>
<allowColumnReorder>false</allowColumnReorder>
<existDependencyGenerateInDDl>true</existDependencyGenerateInDDl>
<parsed>true</parsed>
<columns itemClass="oracle.dbtools.crest.model.design.relational.Column">
<Column name="CODIGO" id="596395CC-7304-F97C-A7A5-4D0A460A0DF3">
<createdBy>T-Gamer</createdBy>
<createdTime>2022-05-26 23:56:55 UTC</createdTime>
<ownerDesignName>tab_jogo_acessorio_cp3</ownerDesignName>
<importedID>9BC4ED55-A042-1D31-6644-5E3692C8E50D</importedID>
<useDomainConstraints>false</useDomainConstraints>
<use>1</use>
<logicalDatatype>LOGDT019</logicalDatatype>
<dataTypePrecision>19</dataTypePrecision>
<dataTypeScale>0</dataTypeScale>
<ownDataTypeParameters>,19,0</ownDataTypeParameters>
<autoIncrementColumn>true</autoIncrementColumn>
<identityColumn>true</identityColumn>
<autoIncrementGenerateAlways>true</autoIncrementGenerateAlways>
<autoIncrementCycle>false</autoIncrementCycle>
<autoIncrementDisableCache>false</autoIncrementDisableCache>
<autoIncrementCache>20</autoIncrementCache>
<autoIncrementOrder>false</autoIncrementOrder>
</Column>
<Column name="ANO_LANCAMENTO" id="9027639D-9A4C-EE27-AD97-8ADAF9C1132E">
<createdBy>T-Gamer</createdBy>
<createdTime>2022-05-26 23:56:55 UTC</createdTime>
<ownerDesignName>tab_jogo_acessorio_cp3</ownerDesignName>
<importedID>7DB66169-32BE-4FA2-2091-FDE373AC8EDF</importedID>
<useDomainConstraints>false</useDomainConstraints>
<use>1</use>
<logicalDatatype>LOGDT019</logicalDatatype>
<dataTypePrecision>10</dataTypePrecision>
<dataTypeScale>0</dataTypeScale>
<ownDataTypeParameters>,10,0</ownDataTypeParameters>
<autoIncrementCycle>false</autoIncrementCycle>
</Column>
<Column name="DATA_CADASTRO" id="C2F1E061-E712-A038-4834-E1CF1CB82D40">
<createdBy>T-Gamer</createdBy>
<createdTime>2022-05-26 23:56:55 UTC</createdTime>
<ownerDesignName>tab_jogo_acessorio_cp3</ownerDesignName>
<importedID>F70859D9-4757-5D39-525B-4D8CD8B299AA</importedID>
<nullsAllowed>true</nullsAllowed>
<useDomainConstraints>false</useDomainConstraints>
<use>1</use>
<logicalDatatype>LOGDT007</logicalDatatype>
<dataTypeSize>7</dataTypeSize>
<ownDataTypeParameters>7,,</ownDataTypeParameters>
<autoIncrementCycle>false</autoIncrementCycle>
</Column>
<Column name="DESENVOLVEDORA" id="B484C4BF-921E-F252-71ED-BD518D448C1F">
<createdBy>T-Gamer</createdBy>
<createdTime>2022-05-26 23:56:55 UTC</createdTime>
<ownerDesignName>tab_jogo_acessorio_cp3</ownerDesignName>
<importedID>0F02C440-A280-C771-E028-3F342DFB81DD</importedID>
<useDomainConstraints>false</useDomainConstraints>
<use>1</use>
<logicalDatatype>LOGDT024</logicalDatatype>
<dataTypeSize>60 CHAR</dataTypeSize>
<ownDataTypeParameters>60 CHAR,,</ownDataTypeParameters>
<autoIncrementCycle>false</autoIncrementCycle>
</Column>
<Column name="ESPECIFICACOES" id="BB54719C-CC70-BE7F-D0B7-7DFE2A023F92">
<createdBy>T-Gamer</createdBy>
<createdTime>2022-05-26 23:56:55 UTC</createdTime>
<ownerDesignName>tab_jogo_acessorio_cp3</ownerDesignName>
<importedID>CFB1C31B-9AD5-1E07-859E-00850D668A46</importedID>
<nullsAllowed>true</nullsAllowed>
<useDomainConstraints>false</useDomainConstraints>
<use>1</use>
<logicalDatatype>LOGDT028</logicalDatatype>
<dataTypeSize>4000</dataTypeSize>
<ownDataTypeParameters>4000,,</ownDataTypeParameters>
<autoIncrementCycle>false</autoIncrementCycle>
</Column>
<Column name="FOTO" id="0E175C88-E6D0-5A8C-489D-6D55E31354FD">
<createdBy>T-Gamer</createdBy>
<createdTime>2022-05-26 23:56:55 UTC</createdTime>
<ownerDesignName>tab_jogo_acessorio_cp3</ownerDesignName>
<importedID>6B88BDBB-0065-E783-61D1-C81DEFD671E1</importedID>
<nullsAllowed>true</nullsAllowed>
<useDomainConstraints>false</useDomainConstraints>
<use>1</use>
<logicalDatatype>LOGDT029</logicalDatatype>
<dataTypeSize>4000</dataTypeSize>
<ownDataTypeParameters>4000,,</ownDataTypeParameters>
<autoIncrementCycle>false</autoIncrementCycle>
</Column>
<Column name="NOME" id="606A8411-3568-1DAB-E2F5-B2E5D1910A8E">
<createdBy>T-Gamer</createdBy>
<createdTime>2022-05-26 23:56:55 UTC</createdTime>
<ownerDesignName>tab_jogo_acessorio_cp3</ownerDesignName>
<importedID>71DCEB30-2B29-F2DA-DBC6-6ACEBC5F8583</importedID>
<useDomainConstraints>false</useDomainConstraints>
<use>1</use>
<logicalDatatype>LOGDT024</logicalDatatype>
<dataTypeSize>60 CHAR</dataTypeSize>
<ownDataTypeParameters>60 CHAR,,</ownDataTypeParameters>
<autoIncrementCycle>false</autoIncrementCycle>
</Column>
<Column name="NOTA" id="05C69B8F-F4D2-134A-A701-35421834B72E">
<createdBy>T-Gamer</createdBy>
<createdTime>2022-05-26 23:56:55 UTC</createdTime>
<ownerDesignName>tab_jogo_acessorio_cp3</ownerDesignName>
<importedID>22933CB1-D084-C517-F736-95DE55C0B45E</importedID>
<useDomainConstraints>false</useDomainConstraints>
<use>1</use>
<logicalDatatype>LOGDT019</logicalDatatype>
<dataTypePrecision>10</dataTypePrecision>
<dataTypeScale>0</dataTypeScale>
<ownDataTypeParameters>,10,0</ownDataTypeParameters>
<autoIncrementCycle>false</autoIncrementCycle>
</Column>
<Column name="TIPO_JOGO" id="CFB0F58C-0B97-A641-4E97-FD426D9D8262">
<createdBy>T-Gamer</createdBy>
<createdTime>2022-05-26 23:56:55 UTC</createdTime>
<ownerDesignName>tab_jogo_acessorio_cp3</ownerDesignName>
<importedID>BDF60F1B-4B14-8D56-8399-A9FBBB865575</importedID>
<useDomainConstraints>false</useDomainConstraints>
<use>1</use>
<logicalDatatype>LOGDT024</logicalDatatype>
<dataTypeSize>255 CHAR</dataTypeSize>
<ownDataTypeParameters>255 CHAR,,</ownDataTypeParameters>
<autoIncrementCycle>false</autoIncrementCycle>
</Column>
<Column name="VALOR" id="9C01E16D-AEEF-7860-00A5-DF1737A08104">
<createdBy>T-Gamer</createdBy>
<createdTime>2022-05-26 23:56:55 UTC</createdTime>
<ownerDesignName>tab_jogo_acessorio_cp3</ownerDesignName>
<importedID>180DDA48-410F-B090-9A2D-67472EBF1B1C</importedID>
<nullsAllowed>true</nullsAllowed>
<useDomainConstraints>false</useDomainConstraints>
<use>1</use>
<logicalDatatype>LOGDT019</logicalDatatype>
<dataTypePrecision>10</dataTypePrecision>
<dataTypeScale>2</dataTypeScale>
<ownDataTypeParameters>,10,2</ownDataTypeParameters>
<autoIncrementCycle>false</autoIncrementCycle>
</Column>
<Column name="COD_DESTRIBUIDORA" id="C9105407-D5B9-C0DD-B717-C66CA5593FC3">
<createdBy>T-Gamer</createdBy>
<createdTime>2022-05-26 23:56:55 UTC</createdTime>
<ownerDesignName>tab_jogo_acessorio_cp3</ownerDesignName>
<importedID>5A065E75-123F-9FAA-22F2-0F4E48925875</importedID>
<useDomainConstraints>false</useDomainConstraints>
<use>1</use>
<logicalDatatype>LOGDT019</logicalDatatype>
<dataTypePrecision>19</dataTypePrecision>
<dataTypeScale>0</dataTypeScale>
<ownDataTypeParameters>,19,0</ownDataTypeParameters>
<autoIncrementCycle>false</autoIncrementCycle>
<associations>
<colAssociation fkAssociation="A531815A-EC24-7419-2A05-65DE4CA2D27D" referredColumn="FC0F2400-3F64-8366-31E2-785AE2B60A15"/>
</associations>
</Column>
<Column name="DONO_CODIGO" id="8ADE4F11-45DE-340F-8566-FAE85B4572F4">
<createdBy>T-Gamer</createdBy>
<createdTime>2022-05-26 23:56:55 UTC</createdTime>
<ownerDesignName>tab_jogo_acessorio_cp3</ownerDesignName>
<importedID>64C92FBA-529F-1CF8-DD44-FFC96966B91D</importedID>
<nullsAllowed>true</nullsAllowed>
<useDomainConstraints>false</useDomainConstraints>
<use>1</use>
<logicalDatatype>LOGDT019</logicalDatatype>
<dataTypePrecision>19</dataTypePrecision>
<dataTypeScale>0</dataTypeScale>
<ownDataTypeParameters>,19,0</ownDataTypeParameters>
<autoIncrementCycle>false</autoIncrementCycle>
<associations>
<colAssociation fkAssociation="4D3CBCC4-A792-920B-40BA-DE8480A497CF" referredColumn="96D2BB26-4EFD-DA62-C087-6EF3CC33F610"/>
</associations>
</Column>
</columns>
<indexes itemClass="oracle.dbtools.crest.model.design.relational.Index">
<ind_PK_UK id="17507F2F-F678-C25C-3FB4-8E58B845C7B1" schemaObject="089C9A85-8094-ACBE-86CC-0B385D619C7F" name="TAB_JOGO_CP3_PK">
<createdBy>T-Gamer</createdBy>
<createdTime>2022-05-26 23:56:55 UTC</createdTime>
<ownerDesignName>tab_jogo_acessorio_cp3</ownerDesignName>
<importedID>14CEA19E-CCDE-5BF3-4D40-0E7815D3D5C4</importedID>
<pk>true</pk>
<indexState>Primary Constraint</indexState>
<isSurrogateKey>false</isSurrogateKey>
<indexColumnUsage>
<colUsage columnID="596395CC-7304-F97C-A7A5-4D0A460A0DF3"/>
</indexColumnUsage>
</ind_PK_UK>
<ind_PK_UK id="0A837D0B-7A56-FAFC-955F-4844D653F637" name="UK_SGO91URIQTXPL438717URUWWE">
<createdBy>T-Gamer</createdBy>
<createdTime>2022-05-26 23:56:55 UTC</createdTime>
<ownerDesignName>tab_jogo_acessorio_cp3</ownerDesignName>
<importedID>3B420B55-8AEA-C1CE-B562-E25D90C34261</importedID>
<indexState>Unique Constraint</indexState>
<isSurrogateKey>false</isSurrogateKey>
<indexColumnUsage>
<colUsage columnID="C9105407-D5B9-C0DD-B717-C66CA5593FC3"/>
</indexColumnUsage>
</ind_PK_UK>
<ind_PK_UK id="C9D7249D-BDF4-F61F-1D6B-6859357CE6E7" schemaObject="089C9A85-8094-ACBE-86CC-0B385D619C7F" name="UK_SGO91URIQTXPL438717URUWWE">
<createdBy>T-Gamer</createdBy>
<createdTime>2022-05-26 23:56:55 UTC</createdTime>
<ownerDesignName>tab_jogo_acessorio_cp3</ownerDesignName>
<importedID>77AC04AD-533F-F1D6-F755-1A2B6DC2FEBC</importedID>
<indexState>Unique Plain Index</indexState>
<isSurrogateKey>false</isSurrogateKey>
<indexColumnUsage>
<colUsage columnID="C9105407-D5B9-C0DD-B717-C66CA5593FC3"/>
</indexColumnUsage>
</ind_PK_UK>
<ind_PK_UK id="56AE3660-56D7-92F2-9943-05DA6F76122D" name="FKMSB42WC18BNE70GB6JDEVUD6">
<createdBy>T-Gamer</createdBy>
<createdTime>2022-05-26 23:56:55 UTC</createdTime>
<ownerDesignName>tab_jogo_acessorio_cp3</ownerDesignName>
<indexState>Foreign Key</indexState>
<isSurrogateKey>false</isSurrogateKey>
<indexColumnUsage>
<colUsage columnID="C9105407-D5B9-C0DD-B717-C66CA5593FC3"/>
</indexColumnUsage>
</ind_PK_UK>
<ind_PK_UK id="FD19717A-3275-A6F6-2FF9-D89662C8D8BC" name="FKOA1J7WXLON3HSGWS3HCD5YJSS">
<createdBy>T-Gamer</createdBy>
<createdTime>2022-05-26 23:56:55 UTC</createdTime>
<ownerDesignName>tab_jogo_acessorio_cp3</ownerDesignName>
<indexState>Foreign Key</indexState>
<isSurrogateKey>false</isSurrogateKey>
<indexColumnUsage>
<colUsage columnID="8ADE4F11-45DE-340F-8566-FAE85B4572F4"/>
</indexColumnUsage>
</ind_PK_UK>
</indexes>
</Table>