<?xml version = '1.0' encoding = 'UTF-8'?>
<Table class="oracle.dbtools.crest.model.design.relational.Table" directorySegmentName="seg_0" id="9F684A02-B5F3-6F89-7439-4A47B0E022F9" schemaObject="089C9A85-8094-ACBE-86CC-0B385D619C7F" name="TAB_JOGO_ACESSORIO_CP3">
<createdBy>T-Gamer</createdBy>
<createdTime>2022-05-26 23:56:55 UTC</createdTime>
<ownerDesignName>tab_jogo_acessorio_cp3</ownerDesignName>
<importedID>1A19C3CF-5D11-1A7F-40DC-F4D810CC42DF</importedID>
<allowColumnReorder>false</allowColumnReorder>
<existDependencyGenerateInDDl>true</existDependencyGenerateInDDl>
<parsed>true</parsed>
<columns itemClass="oracle.dbtools.crest.model.design.relational.Column">
<Column name="JOGO_CODIGO" id="AAB2DCB2-5265-01B7-2D58-97E81565D5DC">
<createdBy>T-Gamer</createdBy>
<createdTime>2022-05-26 23:56:55 UTC</createdTime>
<ownerDesignName>tab_jogo_acessorio_cp3</ownerDesignName>
<importedID>AB06BDD8-0CA1-F13E-0D39-8392FE63F44E</importedID>
<useDomainConstraints>false</useDomainConstraints>
<use>1</use>
<logicalDatatype>LOGDT019</logicalDatatype>
<dataTypePrecision>19</dataTypePrecision>
<dataTypeScale>0</dataTypeScale>
<ownDataTypeParameters>,19,0</ownDataTypeParameters>
<autoIncrementCycle>false</autoIncrementCycle>
<associations>
<colAssociation fkAssociation="83EE3579-468A-8521-23BC-9A4154F1800D" referredColumn="596395CC-7304-F97C-A7A5-4D0A460A0DF3"/>
</associations>
</Column>
<Column name="ACESSORIO_CODIGO" id="98A1FC80-EB9C-C38B-416E-DA724D848121">
<createdBy>T-Gamer</createdBy>
<createdTime>2022-05-26 23:56:55 UTC</createdTime>
<ownerDesignName>tab_jogo_acessorio_cp3</ownerDesignName>
<importedID>39676A6E-44F9-01B9-7050-EF141117C505</importedID>
<useDomainConstraints>false</useDomainConstraints>
<use>1</use>
<logicalDatatype>LOGDT019</logicalDatatype>
<dataTypePrecision>19</dataTypePrecision>
<dataTypeScale>0</dataTypeScale>
<ownDataTypeParameters>,19,0</ownDataTypeParameters>
<autoIncrementCycle>false</autoIncrementCycle>
<associations>
<colAssociation fkAssociation="9E5C387E-28D8-3FAD-49A6-C1D62C55F446" referredColumn="0A6AF548-DD42-C09E-0765-7EB2AEA66144"/>
</associations>
</Column>
</columns>
<indexes itemClass="oracle.dbtools.crest.model.design.relational.Index">
<ind_PK_UK id="520E8FBA-B12F-F32C-B979-BBC3AB436BA1" schemaObject="089C9A85-8094-ACBE-86CC-0B385D619C7F" name="TAB_JOGO_ACESSORIO_CP3_PK">
<createdBy>T-Gamer</createdBy>
<createdTime>2022-05-26 23:56:55 UTC</createdTime>
<ownerDesignName>tab_jogo_acessorio_cp3</ownerDesignName>
<importedID>36EC0AEB-3CF4-F596-4301-90A7F85C45E7</importedID>
<pk>true</pk>
<indexState>Primary Constraint</indexState>
<isSurrogateKey>false</isSurrogateKey>
<indexColumnUsage>
<colUsage columnID="AAB2DCB2-5265-01B7-2D58-97E81565D5DC"/>
<colUsage columnID="98A1FC80-EB9C-C38B-416E-DA724D848121"/>
</indexColumnUsage>
</ind_PK_UK>
<ind_PK_UK id="9A67DF2A-5396-F80E-7F9F-D7D2AF90B805" name="FKQNSURJ1BB3VCQN7XIXM936QW">
<createdBy>T-Gamer</createdBy>
<createdTime>2022-05-26 23:56:55 UTC</createdTime>
<ownerDesignName>tab_jogo_acessorio_cp3</ownerDesignName>
<indexState>Foreign Key</indexState>
<isSurrogateKey>false</isSurrogateKey>
<indexColumnUsage>
<colUsage columnID="AAB2DCB2-5265-01B7-2D58-97E81565D5DC"/>
</indexColumnUsage>
</ind_PK_UK>
<ind_PK_UK id="F28062FD-BFB1-BBB6-8D5C-2FB042AAA07B" name="FKR7DHCC2GQGRK7UVST9C8MG0Y8">
<createdBy>T-Gamer</createdBy>
<createdTime>2022-05-26 23:56:55 UTC</createdTime>
<ownerDesignName>tab_jogo_acessorio_cp3</ownerDesignName>
<indexState>Foreign Key</indexState>
<isSurrogateKey>false</isSurrogateKey>
<indexColumnUsage>
<colUsage columnID="98A1FC80-EB9C-C38B-416E-DA724D848121"/>
</indexColumnUsage>
</ind_PK_UK>
</indexes>
</Table>