<?xml version = '1.0' encoding = 'UTF-8'?>
<Table class="oracle.dbtools.crest.model.design.relational.Table" directorySegmentName="seg_0" id="3C77CE0D-6226-AEE4-AC4B-84EF8D5C90F9" schemaObject="089C9A85-8094-ACBE-86CC-0B385D619C7F" name="JOGO_ACESSORIO">
<createdBy>T-Gamer</createdBy>
<createdTime>2022-05-26 23:56:55 UTC</createdTime>
<ownerDesignName>tab_destribuidora_cp3</ownerDesignName>
<importedID>E4DB60E5-C1FA-0C5F-6D13-A1EAA85B03E3</importedID>
<allowColumnReorder>false</allowColumnReorder>
<existDependencyGenerateInDDl>true</existDependencyGenerateInDDl>
<parsed>true</parsed>
<columns itemClass="oracle.dbtools.crest.model.design.relational.Column">
<Column name="JOGO_CODIGO" id="993BC9E7-0A73-763C-FC47-E0C59D8D17F5">
<createdBy>T-Gamer</createdBy>
<createdTime>2022-05-26 23:56:55 UTC</createdTime>
<ownerDesignName>tab_destribuidora_cp3</ownerDesignName>
<importedID>682A97B2-E65C-50ED-519C-2BF8B1AFD65D</importedID>
<useDomainConstraints>false</useDomainConstraints>
<use>1</use>
<logicalDatatype>LOGDT019</logicalDatatype>
<dataTypePrecision>19</dataTypePrecision>
<dataTypeScale>0</dataTypeScale>
<ownDataTypeParameters>,19,0</ownDataTypeParameters>
<autoIncrementCycle>false</autoIncrementCycle>
<associations>
<colAssociation fkAssociation="5187F0E0-AE37-E5A4-8AA0-85AD4709D7E7" referredColumn="596395CC-7304-F97C-A7A5-4D0A460A0DF3"/>
</associations>
</Column>
<Column name="ACESSORIO_CODIGO" id="F72384B0-84BE-DEB9-9E0A-DBA90FE1B2A4">
<createdBy>T-Gamer</createdBy>
<createdTime>2022-05-26 23:56:55 UTC</createdTime>
<ownerDesignName>tab_destribuidora_cp3</ownerDesignName>
<importedID>AFF0C21C-5FB7-04D4-D5C1-31571EE8681B</importedID>
<useDomainConstraints>false</useDomainConstraints>
<use>1</use>
<logicalDatatype>LOGDT019</logicalDatatype>
<dataTypePrecision>19</dataTypePrecision>
<dataTypeScale>0</dataTypeScale>
<ownDataTypeParameters>,19,0</ownDataTypeParameters>
<autoIncrementCycle>false</autoIncrementCycle>
<associations>
<colAssociation fkAssociation="B8D51220-5330-AE8D-7634-F0AF508B4818" referredColumn="0A6AF548-DD42-C09E-0765-7EB2AEA66144"/>
</associations>
</Column>
</columns>
<indexes itemClass="oracle.dbtools.crest.model.design.relational.Index">
<ind_PK_UK id="8FE077F5-0BC7-3926-6F15-FB8905397E60" schemaObject="089C9A85-8094-ACBE-86CC-0B385D619C7F" name="JOGO_ACESSORIO_PK">
<createdBy>T-Gamer</createdBy>
<createdTime>2022-05-26 23:56:55 UTC</createdTime>
<ownerDesignName>tab_destribuidora_cp3</ownerDesignName>
<importedID>CF966DF0-5A6A-239A-F553-335BE967003B</importedID>
<pk>true</pk>
<indexState>Primary Constraint</indexState>
<isSurrogateKey>false</isSurrogateKey>
<indexColumnUsage>
<colUsage columnID="993BC9E7-0A73-763C-FC47-E0C59D8D17F5"/>
<colUsage columnID="F72384B0-84BE-DEB9-9E0A-DBA90FE1B2A4"/>
</indexColumnUsage>
</ind_PK_UK>
<ind_PK_UK id="DE068FFB-CA8F-6CC1-59C9-81F6ACE2705F" name="FKMHEOCPGDIGCO10QTW24QT4EUL">
<createdBy>T-Gamer</createdBy>
<createdTime>2022-05-26 23:56:55 UTC</createdTime>
<ownerDesignName>tab_destribuidora_cp3</ownerDesignName>
<indexState>Foreign Key</indexState>
<isSurrogateKey>false</isSurrogateKey>
<indexColumnUsage>
<colUsage columnID="993BC9E7-0A73-763C-FC47-E0C59D8D17F5"/>
</indexColumnUsage>
</ind_PK_UK>
<ind_PK_UK id="17ED8B1B-2D75-C2A2-B27C-221FECE189DD" name="FKPUYIO5HAJ650FQ0E79WFM2VGM">
<createdBy>T-Gamer</createdBy>
<createdTime>2022-05-26 23:56:55 UTC</createdTime>
<ownerDesignName>tab_destribuidora_cp3</ownerDesignName>
<indexState>Foreign Key</indexState>
<isSurrogateKey>false</isSurrogateKey>
<indexColumnUsage>
<colUsage columnID="F72384B0-84BE-DEB9-9E0A-DBA90FE1B2A4"/>
</indexColumnUsage>
</ind_PK_UK>
</indexes>
</Table>