<?xml version = '1.0' encoding = 'UTF-8'?>
<TableProxyOraclev12c class="oracle.dbtools.crest.model.design.storage.oracle.v12c.TableProxyOraclev12c" name="TAB_DONO_CP3" directorySegmentName="seg_0" id="17EAB4BF-7BC9-072C-42B1-51F312A65B72">
<createdBy>T-Gamer</createdBy>
<createdTime>2022-05-26 23:56:55 UTC</createdTime>
<ownerDesignName>tab_jogo_cp3</ownerDesignName>
<schemaObject>089C9A85-8094-ACBE-86CC-0B385D619C7F</schemaObject>
<logging>YES</logging>
<partitionedRowMovement>DISABLE</partitionedRowMovement>
<segment>0C0FF511-4EBC-8CE0-39AE-E9AFD857CFB0</segment>
<tableSpace>57A4A4A2-3A88-DE4F-FEE4-8F90EBAEF640</tableSpace>
<temporaryChanged>false</temporaryChanged>
<accessDriverType>oracle_loader</accessDriverType>
<rejectLimit></rejectLimit>
<inMemory>NO</inMemory>
<columnProxies itemClass="oracle.dbtools.crest.model.design.storage.oracle.v12c.ColumnProxyOraclev12c">
<ColumnProxy name="NOME" id="076DEB49-52FA-C793-1CFE-BAB88E46EE79">
<createdBy>T-Gamer</createdBy>
<createdTime>2022-05-26 23:56:55 UTC</createdTime>
<ownerDesignName>tab_jogo_cp3</ownerDesignName>
</ColumnProxy>
<ColumnProxy name="CODIGO" id="96D2BB26-4EFD-DA62-C087-6EF3CC33F610">
<createdBy>T-Gamer</createdBy>
<createdTime>2022-05-26 23:56:55 UTC</createdTime>
<ownerDesignName>tab_jogo_cp3</ownerDesignName>
<autoIncrementDDL>IDENTITY_CLAUSE</autoIncrementDDL>
</ColumnProxy>
<ColumnProxy name="EMAIL" id="B684335E-AFC1-C8BA-BC89-EF5272A763E4">
<createdBy>T-Gamer</createdBy>
<createdTime>2022-05-26 23:56:55 UTC</createdTime>
<ownerDesignName>tab_jogo_cp3</ownerDesignName>
</ColumnProxy>
<ColumnProxy name="TELEFONE" id="F7EB743E-5A95-4522-AAFC-835ED6734016">
<createdBy>T-Gamer</createdBy>
<createdTime>2022-05-26 23:56:55 UTC</createdTime>
<ownerDesignName>tab_jogo_cp3</ownerDesignName>
</ColumnProxy>
</columnProxies>
<primaryKeys>
<PrimaryKey class="oracle.dbtools.crest.model.design.storage.oracle.v10g.PKProxyOraclev10g" name="TAB_DONO_CP3_PK" id="EAC37089-82AB-D35B-A8D6-4CE8DB431F01">
<createdBy>T-Gamer</createdBy>
<createdTime>2022-05-26 23:56:55 UTC</createdTime>
<ownerDesignName>tab_jogo_cp3</ownerDesignName>
<schemaObject>089C9A85-8094-ACBE-86CC-0B385D619C7F</schemaObject>
<segment>28AD3C21-CF63-2A89-9E20-50A2EA34D584</segment>
<tableSpace>57A4A4A2-3A88-DE4F-FEE4-8F90EBAEF640</tableSpace>
<indexSegment>28AD3C21-CF63-2A89-9E20-50A2EA34D584</indexSegment>
<indexSort>SORTED</indexSort>
<usingIndex>BY INDEX NAME</usingIndex>
</PrimaryKey>
</primaryKeys>
</TableProxyOraclev12c>