<?xml version = '1.0' encoding = 'UTF-8'?>
<TableProxyOraclev12c class="oracle.dbtools.crest.model.design.storage.oracle.v12c.TableProxyOraclev12c" name="TAB_ACESSORIO_CP3" directorySegmentName="seg_0" id="8DC4FD4B-614F-23A4-CF70-4B3D8FCE4441">
<createdBy>T-Gamer</createdBy>
<createdTime>2022-05-26 23:56:55 UTC</createdTime>
<ownerDesignName>tab_jogo_cp3</ownerDesignName>
<schemaObject>089C9A85-8094-ACBE-86CC-0B385D619C7F</schemaObject>
<logging>YES</logging>
<partitionedRowMovement>DISABLE</partitionedRowMovement>
<segment>0C0FF511-4EBC-8CE0-39AE-E9AFD857CFB0</segment>
<tableSpace>57A4A4A2-3A88-DE4F-FEE4-8F90EBAEF640</tableSpace>
<temporaryChanged>false</temporaryChanged>
<accessDriverType>oracle_loader</accessDriverType>
<rejectLimit></rejectLimit>
<inMemory>NO</inMemory>
<columnProxies itemClass="oracle.dbtools.crest.model.design.storage.oracle.v12c.ColumnProxyOraclev12c">
<ColumnProxy name="CODIGO" id="0A6AF548-DD42-C09E-0765-7EB2AEA66144">
<createdBy>T-Gamer</createdBy>
<createdTime>2022-05-26 23:56:55 UTC</createdTime>
<ownerDesignName>tab_jogo_cp3</ownerDesignName>
<autoIncrementDDL>IDENTITY_CLAUSE</autoIncrementDDL>
</ColumnProxy>
<ColumnProxy name="DESCRICAO" id="E23BBF8A-107E-D9E5-FBD1-FC7A2EA41CBE">
<createdBy>T-Gamer</createdBy>
<createdTime>2022-05-26 23:56:55 UTC</createdTime>
<ownerDesignName>tab_jogo_cp3</ownerDesignName>
</ColumnProxy>
</columnProxies>
<primaryKeys>
<PrimaryKey class="oracle.dbtools.crest.model.design.storage.oracle.v10g.PKProxyOraclev10g" name="TAB_ACESSORIO_CP3_PK" id="50A3AAFD-E165-827A-4375-340D3C5EA877">
<createdBy>T-Gamer</createdBy>
<createdTime>2022-05-26 23:56:55 UTC</createdTime>
<ownerDesignName>tab_jogo_cp3</ownerDesignName>
<schemaObject>089C9A85-8094-ACBE-86CC-0B385D619C7F</schemaObject>
<segment>28AD3C21-CF63-2A89-9E20-50A2EA34D584</segment>
<tableSpace>57A4A4A2-3A88-DE4F-FEE4-8F90EBAEF640</tableSpace>
<indexSegment>28AD3C21-CF63-2A89-9E20-50A2EA34D584</indexSegment>
<indexSort>SORTED</indexSort>
<usingIndex>BY INDEX NAME</usingIndex>
</PrimaryKey>
</primaryKeys>
</TableProxyOraclev12c>