<?xml version = '1.0' encoding = 'UTF-8'?>
<relationalModel class="oracle.dbtools.crest.model.design.relational.RelationalDesign" name="FIAP" id="6A0E3C22-1E4D-A72F-2231-E147BC026EBE" mainViewID="312383F3-7159-F54D-A67C-31616C628028">
<createdBy>T-Gamer</createdBy>
<createdTime>2022-05-26 23:56:55 UTC</createdTime>
<ownerDesignName>tab_jogo_acessorio_cp3</ownerDesignName>
<shouldBeOpen>false</shouldBeOpen>
<selectedRDBMSSite>32076570-2523-435C-2E92-BF29817DFF70</selectedRDBMSSite>
</relationalModel>