<?xml version = '1.0' encoding = 'UTF-8'?>
<TableProxyOraclev12c class="oracle.dbtools.crest.model.design.storage.oracle.v12c.TableProxyOraclev12c" name="JOGO_ACESSORIO" directorySegmentName="seg_0" id="3C77CE0D-6226-AEE4-AC4B-84EF8D5C90F9">
<createdBy>T-Gamer</createdBy>
<createdTime>2022-05-26 23:56:55 UTC</createdTime>
<ownerDesignName>tab_jogo_acessorio_cp3</ownerDesignName>
<schemaObject>089C9A85-8094-ACBE-86CC-0B385D619C7F</schemaObject>
<logging>YES</logging>
<partitionedRowMovement>DISABLE</partitionedRowMovement>
<segment>0C0FF511-4EBC-8CE0-39AE-E9AFD857CFB0</segment>
<tableSpace>57A4A4A2-3A88-DE4F-FEE4-8F90EBAEF640</tableSpace>
<temporaryChanged>false</temporaryChanged>
<accessDriverType>oracle_loader</accessDriverType>
<rejectLimit></rejectLimit>
<inMemory>NO</inMemory>
<columnProxies itemClass="oracle.dbtools.crest.model.design.storage.oracle.v12c.ColumnProxyOraclev12c">
<ColumnProxy name="JOGO_CODIGO" id="993BC9E7-0A73-763C-FC47-E0C59D8D17F5">
<createdBy>T-Gamer</createdBy>
<createdTime>2022-05-26 23:56:55 UTC</createdTime>
<ownerDesignName>tab_jogo_acessorio_cp3</ownerDesignName>
</ColumnProxy>
<ColumnProxy name="ACESSORIO_CODIGO" id="F72384B0-84BE-DEB9-9E0A-DBA90FE1B2A4">
<createdBy>T-Gamer</createdBy>
<createdTime>2022-05-26 23:56:55 UTC</createdTime>
<ownerDesignName>tab_jogo_acessorio_cp3</ownerDesignName>
</ColumnProxy>
</columnProxies>
<foreignKeys>
<ForeignKey class="oracle.dbtools.crest.model.design.storage.oracle.v10g.FKProxyOraclev10g" name="FKPUYIO5HAJ650FQ0E79WFM2VGM" id="17ED8B1B-2D75-C2A2-B27C-221FECE189DD">
<createdBy>T-Gamer</createdBy>
<createdTime>2022-05-26 23:56:55 UTC</createdTime>
<ownerDesignName>tab_jogo_acessorio_cp3</ownerDesignName>
</ForeignKey>
<ForeignKey class="oracle.dbtools.crest.model.design.storage.oracle.v10g.FKProxyOraclev10g" name="FKMHEOCPGDIGCO10QTW24QT4EUL" id="DE068FFB-CA8F-6CC1-59C9-81F6ACE2705F">
<createdBy>T-Gamer</createdBy>
<createdTime>2022-05-26 23:56:55 UTC</createdTime>
<ownerDesignName>tab_jogo_acessorio_cp3</ownerDesignName>
</ForeignKey>
</foreignKeys>
<primaryKeys>
<PrimaryKey class="oracle.dbtools.crest.model.design.storage.oracle.v10g.PKProxyOraclev10g" name="JOGO_ACESSORIO_PK" id="8FE077F5-0BC7-3926-6F15-FB8905397E60">
<createdBy>T-Gamer</createdBy>
<createdTime>2022-05-26 23:56:55 UTC</createdTime>
<ownerDesignName>tab_jogo_acessorio_cp3</ownerDesignName>
<schemaObject>089C9A85-8094-ACBE-86CC-0B385D619C7F</schemaObject>
<segment>28AD3C21-CF63-2A89-9E20-50A2EA34D584</segment>
<tableSpace>57A4A4A2-3A88-DE4F-FEE4-8F90EBAEF640</tableSpace>
<indexSegment>28AD3C21-CF63-2A89-9E20-50A2EA34D584</indexSegment>
<indexSort>SORTED</indexSort>
<usingIndex>BY INDEX NAME</usingIndex>
</PrimaryKey>
</primaryKeys>
</TableProxyOraclev12c>