<?xml version = '1.0' encoding = 'UTF-8'?>
<Table class="oracle.dbtools.crest.model.design.relational.Table" directorySegmentName="seg_0" id="0354DBFC-790B-143D-B51E-C728B7E1D7D2" schemaObject="089C9A85-8094-ACBE-86CC-0B385D619C7F" name="TAB_JOGO_ACESSORIO_CP3v1">
<createdBy>T-Gamer</createdBy>
<createdTime>2022-05-27 00:12:49 UTC</createdTime>
<ownerDesignName>modelagem_final</ownerDesignName>
<allowColumnReorder>false</allowColumnReorder>
<existDependencyGenerateInDDl>true</existDependencyGenerateInDDl>
<parsed>true</parsed>
<columns itemClass="oracle.dbtools.crest.model.design.relational.Column">
<Column name="JOGO_CODIGO" id="49E7C521-B41F-AA77-027B-F9884020D03E">
<createdBy>T-Gamer</createdBy>
<createdTime>2022-05-27 00:12:49 UTC</createdTime>
<ownerDesignName>modelagem_final</ownerDesignName>
<useDomainConstraints>false</useDomainConstraints>
<use>1</use>
<logicalDatatype>LOGDT019</logicalDatatype>
<dataTypePrecision>19</dataTypePrecision>
<dataTypeScale>0</dataTypeScale>
<ownDataTypeParameters>,19,0</ownDataTypeParameters>
<autoIncrementCycle>false</autoIncrementCycle>
<associations>
<colAssociation fkAssociation="BB012E8E-D9BD-E049-DCEE-81FFB23E1C87" referredColumn="596395CC-7304-F97C-A7A5-4D0A460A0DF3"/>
</associations>
</Column>
<Column name="ACESSORIO_CODIGO" id="A1C6E153-0DFC-FEED-F865-6F461BB70E49">
<createdBy>T-Gamer</createdBy>
<createdTime>2022-05-27 00:12:49 UTC</createdTime>
<ownerDesignName>modelagem_final</ownerDesignName>
<useDomainConstraints>false</useDomainConstraints>
<use>1</use>
<logicalDatatype>LOGDT019</logicalDatatype>
<dataTypePrecision>19</dataTypePrecision>
<dataTypeScale>0</dataTypeScale>
<ownDataTypeParameters>,19,0</ownDataTypeParameters>
<autoIncrementCycle>false</autoIncrementCycle>
<associations>
<colAssociation fkAssociation="B04DD71C-8804-2069-0EB8-780F31B75E86" referredColumn="1883ACF6-F8A1-E378-6559-437A12C49411"/>
</associations>
</Column>
</columns>
<indexes itemClass="oracle.dbtools.crest.model.design.relational.Index">
<ind_PK_UK id="731F6F78-DEF8-0935-ABC2-F9775BE15881" schemaObject="089C9A85-8094-ACBE-86CC-0B385D619C7F" name="TAB_JOGO_ACESSORIO_CP3v1_PK">
<createdBy>T-Gamer</createdBy>
<createdTime>2022-05-27 00:12:49 UTC</createdTime>
<ownerDesignName>modelagem_final</ownerDesignName>
<pk>true</pk>
<indexState>Primary Constraint</indexState>
<isSurrogateKey>false</isSurrogateKey>
<indexColumnUsage>
<colUsage columnID="49E7C521-B41F-AA77-027B-F9884020D03E"/>
<colUsage columnID="A1C6E153-0DFC-FEED-F865-6F461BB70E49"/>
</indexColumnUsage>
</ind_PK_UK>
<ind_PK_UK id="574FE349-24CA-A902-6CD1-3CF66C2F18B7" name="TAB_JOGO_ACESSORIO_CP3v1_TAB_JOGO_CP3_FK">
<createdBy>T-Gamer</createdBy>
<createdTime>2022-05-27 00:12:49 UTC</createdTime>
<ownerDesignName>modelagem_final</ownerDesignName>
<indexState>Foreign Key</indexState>
<isSurrogateKey>false</isSurrogateKey>
<indexColumnUsage>
<colUsage columnID="49E7C521-B41F-AA77-027B-F9884020D03E"/>
</indexColumnUsage>
</ind_PK_UK>
<ind_PK_UK id="E79B02E7-AC71-8766-1BB1-717899FA534B" name="TAB_JOGO_ACESSORIO_CP3v1_TAB_ACESSORIO_CP3v2_FK">
<createdBy>T-Gamer</createdBy>
<createdTime>2022-05-27 00:12:49 UTC</createdTime>
<ownerDesignName>modelagem_final</ownerDesignName>
<indexState>Foreign Key</indexState>
<isSurrogateKey>false</isSurrogateKey>
<indexColumnUsage>
<colUsage columnID="A1C6E153-0DFC-FEED-F865-6F461BB70E49"/>
</indexColumnUsage>
</ind_PK_UK>
</indexes>
</Table>