<?xml version = '1.0' encoding = 'UTF-8'?>
<Table class="oracle.dbtools.crest.model.design.relational.Table" directorySegmentName="seg_0" id="1C007A19-BD10-199C-1B96-9CF691EE371A" schemaObject="089C9A85-8094-ACBE-86CC-0B385D619C7F" name="TAB_ACESSORIO_CP3v1">
<createdBy>T-Gamer</createdBy>
<createdTime>2022-05-27 00:09:07 UTC</createdTime>
<ownerDesignName>modelagem_final</ownerDesignName>
<allowColumnReorder>false</allowColumnReorder>
<existDependencyGenerateInDDl>true</existDependencyGenerateInDDl>
<parsed>true</parsed>
<columns itemClass="oracle.dbtools.crest.model.design.relational.Column">
<Column name="CODIGO" id="BA8B4402-C59D-F202-C650-42F634B45A89">
<createdBy>T-Gamer</createdBy>
<createdTime>2022-05-27 00:09:07 UTC</createdTime>
<ownerDesignName>modelagem_final</ownerDesignName>
<useDomainConstraints>false</useDomainConstraints>
<use>1</use>
<logicalDatatype>LOGDT019</logicalDatatype>
<dataTypePrecision>19</dataTypePrecision>
<dataTypeScale>0</dataTypeScale>
<ownDataTypeParameters>,19,0</ownDataTypeParameters>
<autoIncrementColumn>true</autoIncrementColumn>
<identityColumn>true</identityColumn>
<autoIncrementGenerateAlways>true</autoIncrementGenerateAlways>
<autoIncrementCycle>false</autoIncrementCycle>
<autoIncrementDisableCache>false</autoIncrementDisableCache>
<autoIncrementCache>20</autoIncrementCache>
<autoIncrementOrder>false</autoIncrementOrder>
</Column>
<Column name="DESCRICAO" id="BD029162-ED22-7D2E-E8E0-D87F7ED779EA">
<createdBy>T-Gamer</createdBy>
<createdTime>2022-05-27 00:09:07 UTC</createdTime>
<ownerDesignName>modelagem_final</ownerDesignName>
<useDomainConstraints>false</useDomainConstraints>
<use>1</use>
<logicalDatatype>LOGDT024</logicalDatatype>
<dataTypeSize>60 CHAR</dataTypeSize>
<ownDataTypeParameters>60 CHAR,,</ownDataTypeParameters>
<autoIncrementCycle>false</autoIncrementCycle>
</Column>
</columns>
<indexes itemClass="oracle.dbtools.crest.model.design.relational.Index">
<ind_PK_UK id="5B02D176-3A3A-03C0-7858-3B4B0DCC27B3" schemaObject="089C9A85-8094-ACBE-86CC-0B385D619C7F" name="TAB_ACESSORIO_CP3v1_PK">
<createdBy>T-Gamer</createdBy>
<createdTime>2022-05-27 00:09:07 UTC</createdTime>
<ownerDesignName>modelagem_final</ownerDesignName>
<pk>true</pk>
<indexState>Primary Constraint</indexState>
<isSurrogateKey>false</isSurrogateKey>
<indexColumnUsage>
<colUsage columnID="BA8B4402-C59D-F202-C650-42F634B45A89"/>
</indexColumnUsage>
</ind_PK_UK>
</indexes>
</Table>