<?xml version = '1.0' encoding = 'UTF-8'?>
<Table class="oracle.dbtools.crest.model.design.relational.Table" directorySegmentName="seg_0" id="EE54C958-56BD-4895-C504-A3E61A993208" schemaObject="089C9A85-8094-ACBE-86CC-0B385D619C7F" name="TAB_ACESSORIO_CP3v2">
<createdBy>T-Gamer</createdBy>
<createdTime>2022-05-27 00:12:49 UTC</createdTime>
<ownerDesignName>modelagem_final</ownerDesignName>
<allowColumnReorder>false</allowColumnReorder>
<existDependencyGenerateInDDl>true</existDependencyGenerateInDDl>
<parsed>true</parsed>
<columns itemClass="oracle.dbtools.crest.model.design.relational.Column">
<Column name="CODIGO" id="1883ACF6-F8A1-E378-6559-437A12C49411">
<createdBy>T-Gamer</createdBy>
<createdTime>2022-05-27 00:12:49 UTC</createdTime>
<ownerDesignName>modelagem_final</ownerDesignName>
<useDomainConstraints>false</useDomainConstraints>
<use>1</use>
<logicalDatatype>LOGDT019</logicalDatatype>
<dataTypePrecision>19</dataTypePrecision>
<dataTypeScale>0</dataTypeScale>
<ownDataTypeParameters>,19,0</ownDataTypeParameters>
<autoIncrementColumn>true</autoIncrementColumn>
<identityColumn>true</identityColumn>
<autoIncrementGenerateAlways>true</autoIncrementGenerateAlways>
<autoIncrementCycle>false</autoIncrementCycle>
<autoIncrementDisableCache>false</autoIncrementDisableCache>
<autoIncrementCache>20</autoIncrementCache>
<autoIncrementOrder>false</autoIncrementOrder>
</Column>
<Column name="DESCRICAO" id="BAD82A5E-01A0-4F78-CC77-74123FDCC33F">
<createdBy>T-Gamer</createdBy>
<createdTime>2022-05-27 00:12:49 UTC</createdTime>
<ownerDesignName>modelagem_final</ownerDesignName>
<useDomainConstraints>false</useDomainConstraints>
<use>1</use>
<logicalDatatype>LOGDT024</logicalDatatype>
<dataTypeSize>60 CHAR</dataTypeSize>
<ownDataTypeParameters>60 CHAR,,</ownDataTypeParameters>
<autoIncrementCycle>false</autoIncrementCycle>
</Column>
</columns>
<indexes itemClass="oracle.dbtools.crest.model.design.relational.Index">
<ind_PK_UK id="3540F2FA-E95D-565E-5551-C86CA52C3057" schemaObject="089C9A85-8094-ACBE-86CC-0B385D619C7F" name="TAB_ACESSORIO_CP3v2_PK">
<createdBy>T-Gamer</createdBy>
<createdTime>2022-05-27 00:12:49 UTC</createdTime>
<ownerDesignName>modelagem_final</ownerDesignName>
<pk>true</pk>
<indexState>Primary Constraint</indexState>
<isSurrogateKey>false</isSurrogateKey>
<indexColumnUsage>
<colUsage columnID="1883ACF6-F8A1-E378-6559-437A12C49411"/>
</indexColumnUsage>
</ind_PK_UK>
</indexes>
</Table>