<?xml version = '1.0' encoding = 'UTF-8'?>
<Diagram class="oracle.dbtools.crest.swingui.relational.DPVRelationalSubView" name="FIAP - SubView_1" id="1D357E76-B236-B2CF-A23B-EDCB8589871D">
<createdBy>T-Gamer</createdBy>
<modifiedBy>T-Gamer</modifiedBy>
<createdTime>2022-05-26 23:56:56 UTC</createdTime>
<autoRoute>false</autoRoute>
<boxInbox>true</boxInbox>
<showLegend>false</showLegend>
<showLabels>false</showLabels>
<showRelAttributes>false</showRelAttributes>
<gridEnabled>false</gridEnabled>
<showGrid>false</showGrid>
<diagramColor>-1</diagramColor>
<display>false</display>
<notation>1</notation>
<objectViews>
<OView class="oracle.dbtools.crest.swingui.relational.TVTable" oid="0354DBFC-790B-143D-B51E-C728B7E1D7D2" otype="Table" vid="66267712-9681-AF6B-558E-EB993F02719F">
<hideElementsInCurrentOnly>false</hideElementsInCurrentOnly>
<bounds x="472" y="25" width="403" height="108"/>
</OView>
<OView class="oracle.dbtools.crest.swingui.relational.TVTable" oid="17EAB4BF-7BC9-072C-42B1-51F312A65B72" otype="Table" vid="4049025D-14CC-175C-58E5-369565364298">
<hideElementsInCurrentOnly>false</hideElementsInCurrentOnly>
<bounds x="468" y="536" width="227" height="102"/>
</OView>
<OView class="oracle.dbtools.crest.swingui.relational.TVTable" oid="485F590B-22B4-4314-7619-2F1F6644878A" otype="Table" vid="7D70EC7D-2441-92FC-5599-CD95C439903E">
<hideElementsInCurrentOnly>false</hideElementsInCurrentOnly>
<bounds x="468" y="194" width="345" height="282"/>
</OView>
<OView class="oracle.dbtools.crest.swingui.relational.TVTable" oid="DD8EAA6E-E73C-5C7C-E5F5-4FC11E31D720" otype="Table" vid="9C073536-96F8-DBA0-271F-FAE6F3B698B4">
<hideElementsInCurrentOnly>false</hideElementsInCurrentOnly>
<bounds x="893" y="194" width="242" height="102"/>
</OView>
<OView class="oracle.dbtools.crest.swingui.relational.TVTable" oid="EE54C958-56BD-4895-C504-A3E61A993208" otype="Table" vid="14B21D57-674E-A941-6497-E441E55A24F2">
<hideElementsInCurrentOnly>false</hideElementsInCurrentOnly>
<bounds x="125" y="35" width="226" height="74"/>
</OView>
</objectViews>
<connectors>
<Connector class="oracle.dbtools.crest.swingui.relational.TVFKRelation" oid="4D3CBCC4-A792-920B-40BA-DE8480A497CF" otype="FKIndexAssociation" vid_source="4049025D-14CC-175C-58E5-369565364298" vid_target="7D70EC7D-2441-92FC-5599-CD95C439903E">
<hideElementsInCurrentOnly>false</hideElementsInCurrentOnly>
<backgroundColor>-16777216</backgroundColor>
<lineWidth>1</lineWidth>
<points>
<point x="581" y="536"/>
<point x="581" y="476"/>
</points>
</Connector>
<Connector class="oracle.dbtools.crest.swingui.relational.TVFKRelation" oid="A531815A-EC24-7419-2A05-65DE4CA2D27D" otype="FKIndexAssociation" vid_source="9C073536-96F8-DBA0-271F-FAE6F3B698B4" vid_target="7D70EC7D-2441-92FC-5599-CD95C439903E">
<hideElementsInCurrentOnly>false</hideElementsInCurrentOnly>
<backgroundColor>-16777216</backgroundColor>
<lineWidth>1</lineWidth>
<points>
<point x="893" y="245"/>
<point x="813" y="245"/>
</points>
</Connector>
<Connector class="oracle.dbtools.crest.swingui.relational.TVFKRelation" oid="B04DD71C-8804-2069-0EB8-780F31B75E86" otype="FKIndexAssociation" vid_source="14B21D57-674E-A941-6497-E441E55A24F2" vid_target="66267712-9681-AF6B-558E-EB993F02719F">
<hideElementsInCurrentOnly>false</hideElementsInCurrentOnly>
<backgroundColor>-16777216</backgroundColor>
<lineWidth>1</lineWidth>
<points>
<point x="351" y="72"/>
<point x="472" y="72"/>
</points>
</Connector>
<Connector class="oracle.dbtools.crest.swingui.relational.TVFKRelation" oid="BB012E8E-D9BD-E049-DCEE-81FFB23E1C87" otype="FKIndexAssociation" vid_source="7D70EC7D-2441-92FC-5599-CD95C439903E" vid_target="66267712-9681-AF6B-558E-EB993F02719F">
<hideElementsInCurrentOnly>false</hideElementsInCurrentOnly>
<backgroundColor>-16777216</backgroundColor>
<lineWidth>1</lineWidth>
<points>
<point x="657" y="194"/>
<point x="657" y="133"/>
</points>
</Connector>
</connectors>
</Diagram>