<?xml version = '1.0' encoding = 'UTF-8'?>
<TableProxyOraclev12c class="oracle.dbtools.crest.model.design.storage.oracle.v12c.TableProxyOraclev12c" name="TAB_JOGO_ACESSORIO_CP3" directorySegmentName="seg_0" id="9F684A02-B5F3-6F89-7439-4A47B0E022F9">
<createdBy>T-Gamer</createdBy>
<createdTime>2022-05-26 23:56:55 UTC</createdTime>
<ownerDesignName>tab_destribuidora_cp3</ownerDesignName>
<schemaObject>089C9A85-8094-ACBE-86CC-0B385D619C7F</schemaObject>
<logging>YES</logging>
<partitionedRowMovement>DISABLE</partitionedRowMovement>
<segment>0C0FF511-4EBC-8CE0-39AE-E9AFD857CFB0</segment>
<tableSpace>57A4A4A2-3A88-DE4F-FEE4-8F90EBAEF640</tableSpace>
<temporaryChanged>false</temporaryChanged>
<accessDriverType>oracle_loader</accessDriverType>
<rejectLimit></rejectLimit>
<inMemory>NO</inMemory>
<columnProxies itemClass="oracle.dbtools.crest.model.design.storage.oracle.v12c.ColumnProxyOraclev12c">
<ColumnProxy name="ACESSORIO_CODIGO" id="98A1FC80-EB9C-C38B-416E-DA724D848121">
<createdBy>T-Gamer</createdBy>
<createdTime>2022-05-26 23:56:55 UTC</createdTime>
<ownerDesignName>tab_destribuidora_cp3</ownerDesignName>
</ColumnProxy>
<ColumnProxy name="JOGO_CODIGO" id="AAB2DCB2-5265-01B7-2D58-97E81565D5DC">
<createdBy>T-Gamer</createdBy>
<createdTime>2022-05-26 23:56:55 UTC</createdTime>
<ownerDesignName>tab_destribuidora_cp3</ownerDesignName>
</ColumnProxy>
</columnProxies>
<foreignKeys>
<ForeignKey class="oracle.dbtools.crest.model.design.storage.oracle.v10g.FKProxyOraclev10g" name="FKQNSURJ1BB3VCQN7XIXM936QW" id="9A67DF2A-5396-F80E-7F9F-D7D2AF90B805">
<createdBy>T-Gamer</createdBy>
<createdTime>2022-05-26 23:56:55 UTC</createdTime>
<ownerDesignName>tab_destribuidora_cp3</ownerDesignName>
</ForeignKey>
<ForeignKey class="oracle.dbtools.crest.model.design.storage.oracle.v10g.FKProxyOraclev10g" name="FKR7DHCC2GQGRK7UVST9C8MG0Y8" id="F28062FD-BFB1-BBB6-8D5C-2FB042AAA07B">
<createdBy>T-Gamer</createdBy>
<createdTime>2022-05-26 23:56:55 UTC</createdTime>
<ownerDesignName>tab_destribuidora_cp3</ownerDesignName>
</ForeignKey>
</foreignKeys>
<primaryKeys>
<PrimaryKey class="oracle.dbtools.crest.model.design.storage.oracle.v10g.PKProxyOraclev10g" name="TAB_JOGO_ACESSORIO_CP3_PK" id="520E8FBA-B12F-F32C-B979-BBC3AB436BA1">
<createdBy>T-Gamer</createdBy>
<createdTime>2022-05-26 23:56:55 UTC</createdTime>
<ownerDesignName>tab_destribuidora_cp3</ownerDesignName>
<schemaObject>089C9A85-8094-ACBE-86CC-0B385D619C7F</schemaObject>
<segment>28AD3C21-CF63-2A89-9E20-50A2EA34D584</segment>
<tableSpace>57A4A4A2-3A88-DE4F-FEE4-8F90EBAEF640</tableSpace>
<indexSegment>28AD3C21-CF63-2A89-9E20-50A2EA34D584</indexSegment>
<indexSort>SORTED</indexSort>
<usingIndex>BY INDEX NAME</usingIndex>
</PrimaryKey>
</primaryKeys>
</TableProxyOraclev12c>