<?xml version = '1.0' encoding = 'UTF-8'?>
<TableProxyOraclev12c class="oracle.dbtools.crest.model.design.storage.oracle.v12c.TableProxyOraclev12c" name="TAB_DESTRIBUIDORA_CP3" directorySegmentName="seg_0" id="DD8EAA6E-E73C-5C7C-E5F5-4FC11E31D720">
<createdBy>T-Gamer</createdBy>
<createdTime>2022-05-26 23:56:55 UTC</createdTime>
<ownerDesignName>tab_dono_cp3</ownerDesignName>
<schemaObject>089C9A85-8094-ACBE-86CC-0B385D619C7F</schemaObject>
<logging>YES</logging>
<partitionedRowMovement>DISABLE</partitionedRowMovement>
<segment>0C0FF511-4EBC-8CE0-39AE-E9AFD857CFB0</segment>
<tableSpace>57A4A4A2-3A88-DE4F-FEE4-8F90EBAEF640</tableSpace>
<temporaryChanged>false</temporaryChanged>
<accessDriverType>oracle_loader</accessDriverType>
<rejectLimit></rejectLimit>
<inMemory>NO</inMemory>
<columnProxies itemClass="oracle.dbtools.crest.model.design.storage.oracle.v12c.ColumnProxyOraclev12c">
<ColumnProxy name="TELEFONE" id="1471B6AE-A40F-5C2A-95B2-16DA76ED8876">
<createdBy>T-Gamer</createdBy>
<createdTime>2022-05-26 23:56:55 UTC</createdTime>
<ownerDesignName>tab_dono_cp3</ownerDesignName>
</ColumnProxy>
<ColumnProxy name="EMAIL" id="1C8C105B-C011-AB83-A3D9-B9DCED3AAB4C">
<createdBy>T-Gamer</createdBy>
<createdTime>2022-05-26 23:56:55 UTC</createdTime>
<ownerDesignName>tab_dono_cp3</ownerDesignName>
</ColumnProxy>
<ColumnProxy name="NOME" id="A3F5E1E3-F661-951C-E228-945227EB0E43">
<createdBy>T-Gamer</createdBy>
<createdTime>2022-05-26 23:56:55 UTC</createdTime>
<ownerDesignName>tab_dono_cp3</ownerDesignName>
</ColumnProxy>
<ColumnProxy name="CODIGO" id="FC0F2400-3F64-8366-31E2-785AE2B60A15">
<createdBy>T-Gamer</createdBy>
<createdTime>2022-05-26 23:56:55 UTC</createdTime>
<ownerDesignName>tab_dono_cp3</ownerDesignName>
<autoIncrementDDL>IDENTITY_CLAUSE</autoIncrementDDL>
</ColumnProxy>
</columnProxies>
<primaryKeys>
<PrimaryKey class="oracle.dbtools.crest.model.design.storage.oracle.v10g.PKProxyOraclev10g" name="TAB_DESTRIBUIDORA_CP3_PK" id="8D21BCE5-6344-4920-FDDD-E3CA74FDF4FD">
<createdBy>T-Gamer</createdBy>
<createdTime>2022-05-26 23:56:55 UTC</createdTime>
<ownerDesignName>tab_dono_cp3</ownerDesignName>
<schemaObject>089C9A85-8094-ACBE-86CC-0B385D619C7F</schemaObject>
<segment>28AD3C21-CF63-2A89-9E20-50A2EA34D584</segment>
<tableSpace>57A4A4A2-3A88-DE4F-FEE4-8F90EBAEF640</tableSpace>
<indexSegment>28AD3C21-CF63-2A89-9E20-50A2EA34D584</indexSegment>
<indexSort>SORTED</indexSort>
<usingIndex>BY INDEX NAME</usingIndex>
</PrimaryKey>
</primaryKeys>
</TableProxyOraclev12c>