<?xml version = '1.0' encoding = 'UTF-8'?>
<Table class="oracle.dbtools.crest.model.design.relational.Table" directorySegmentName="seg_0" id="8DC4FD4B-614F-23A4-CF70-4B3D8FCE4441" schemaObject="089C9A85-8094-ACBE-86CC-0B385D619C7F" name="TAB_ACESSORIO_CP3">
<createdBy>T-Gamer</createdBy>
<createdTime>2022-05-26 23:56:55 UTC</createdTime>
<ownerDesignName>tab_jogo_cp3</ownerDesignName>
<importedID>2E5F84D1-7241-BEAD-2ACC-8A48392232E6</importedID>
<allowColumnReorder>false</allowColumnReorder>
<existDependencyGenerateInDDl>true</existDependencyGenerateInDDl>
<parsed>true</parsed>
<columns itemClass="oracle.dbtools.crest.model.design.relational.Column">
<Column name="CODIGO" id="0A6AF548-DD42-C09E-0765-7EB2AEA66144">
<createdBy>T-Gamer</createdBy>
<createdTime>2022-05-26 23:56:55 UTC</createdTime>
<ownerDesignName>tab_jogo_cp3</ownerDesignName>
<importedID>66992DED-0BFD-47B1-2408-7ABC24BD2D84</importedID>
<useDomainConstraints>false</useDomainConstraints>
<use>1</use>
<logicalDatatype>LOGDT019</logicalDatatype>
<dataTypePrecision>19</dataTypePrecision>
<dataTypeScale>0</dataTypeScale>
<ownDataTypeParameters>,19,0</ownDataTypeParameters>
<autoIncrementColumn>true</autoIncrementColumn>
<identityColumn>true</identityColumn>
<autoIncrementGenerateAlways>true</autoIncrementGenerateAlways>
<autoIncrementCycle>false</autoIncrementCycle>
<autoIncrementDisableCache>false</autoIncrementDisableCache>
<autoIncrementCache>20</autoIncrementCache>
<autoIncrementOrder>false</autoIncrementOrder>
</Column>
<Column name="DESCRICAO" id="E23BBF8A-107E-D9E5-FBD1-FC7A2EA41CBE">
<createdBy>T-Gamer</createdBy>
<createdTime>2022-05-26 23:56:55 UTC</createdTime>
<ownerDesignName>tab_jogo_cp3</ownerDesignName>
<importedID>E92573D3-C713-3544-AA3B-2ADB4A165A43</importedID>
<useDomainConstraints>false</useDomainConstraints>
<use>1</use>
<logicalDatatype>LOGDT024</logicalDatatype>
<dataTypeSize>60 CHAR</dataTypeSize>
<ownDataTypeParameters>60 CHAR,,</ownDataTypeParameters>
<autoIncrementCycle>false</autoIncrementCycle>
</Column>
</columns>
<indexes itemClass="oracle.dbtools.crest.model.design.relational.Index">
<ind_PK_UK id="50A3AAFD-E165-827A-4375-340D3C5EA877" schemaObject="089C9A85-8094-ACBE-86CC-0B385D619C7F" name="TAB_ACESSORIO_CP3_PK">
<createdBy>T-Gamer</createdBy>
<createdTime>2022-05-26 23:56:55 UTC</createdTime>
<ownerDesignName>tab_jogo_cp3</ownerDesignName>
<importedID>F893C86E-55D3-E8FC-7BFE-CB265FA519B1</importedID>
<pk>true</pk>
<indexState>Primary Constraint</indexState>
<isSurrogateKey>false</isSurrogateKey>
<indexColumnUsage>
<colUsage columnID="0A6AF548-DD42-C09E-0765-7EB2AEA66144"/>
</indexColumnUsage>
</ind_PK_UK>
</indexes>
</Table>